"Address1","Address2","Address3","Address4","City","Country","County","PostalCode","Province","State","ActualContentSource","AddrElementAttribute1","AddrElementAttribute2","AddrElementAttribute3","AddrElementAttribute4","AddrElementAttribute5","AddressEffectiveDate","AddressExpirationDate","AddressLinesPhonetic","AddressStyle","Attribute1","Attribute10","Attribute11","Attribute12","Attribute13","Attribute14","Attribute15","Attribute16","Attribute17","Attribute18","Attribute19","Attribute2","Attribute20","Attribute21","Attribute22","Attribute23","Attribute24","Attribute25","Attribute26","Attribute27","Attribute28","Attribute29","Attribute3","Attribute30","Attribute4","Attribute5","Attribute6","Attribute7","Attribute8","Attribute9","AttributeCategory","AttributeDate1","AttributeDate10","AttributeDate11","AttributeDate12","AttributeDate2","AttributeDate3","AttributeDate4","AttributeDate5","AttributeDate6","AttributeDate7","AttributeDate8","AttributeDate9","AttributeNumber1","AttributeNumber10","AttributeNumber11","AttributeNumber12","AttributeNumber2","AttributeNumber3","AttributeNumber4","AttributeNumber5","AttributeNumber6","AttributeNumber7","AttributeNumber8","AttributeNumber9","Building","CalculateFormattedAddress","ClliCode","Comments","CreatedBy","CreatedByModule","CreationDate","DateValidated","Description","DoNotValidateFlag","EffectiveDate","FaLocationId","FloorNumber","FormattedAddress","FormattedMultilineAddress","GeometryStatusCode","HouseType","InternalFlag","JobDefinitionName","JobDefinitionPackage","Language","LastUpdateDate","LastUpdateLogin","LastUpdatedBy","LocationDirections","OrigSystem","OrigSystemReference","Position","PostalPlus4Code","RequestId","SalesTaxGeocode","SalesTaxInsideCityLimits","ShortDescription","StatusFlag","TimezoneCode","UpdateAddressProfileValue","UsageCode","ValidatedFlag","ValidationStatusCode","LeFormattedAddress"
"100 King Street West Suite 6100","","","","Toronto","CA","","M2N 7E9","ON","","USER_ENTERED","","","","","","","","","POSTAL_ADDR_CA","","","","","","","","","","","","","","","","","","","","","","","","","","","","","","","","","","","","","","","","","","","","","","","","","","","","","","","","","","","","raghavender@squareup.com","XLE_CREATE_LE","2019/06/14 04:42:11.0","","","","2025/11/18","","","100 King Street West Suite 6100,TORONTO ON  M2N 7E9,CANADA","100 King Street West Suite 6100<BR>TORONTO ON  M2N 7E9<BR>CANADA","DIRTY","","Y","","","","2025/02/21 04:31:27.008","2E92C9BAF2C315ECE0639696500AE7D0","srinibas@squareup.com","","","300000015545518","","","","","1","","A","","","","N","","100 King Street West Suite 6100/TORONTO ON  M2N 7E9/CANADA"
"119 West 24th Street","2nd Fl","","","New York","US","","10011","","NY","USER_ENTERED","","","","","","","","","POSTAL_ADDR_US","","","","","","","","","","","","","","","","","","","","","","","","","","","","","","","","","","","","","","","","","","","","","","","","","","","","","","","","","","","","raghavender@squareup.com","XLE_CREATE_LE","2020/07/03 18:50:10.001","","","","2025/11/18","","","119 West 24th Street,2nd Fl,NEW YORK, NY 10011","119 West 24th Street<BR>2nd Fl<BR>NEW YORK, NY 10011","DIRTY","","Y","","","","2020/07/03 18:50:43.001","A6189F8B5D42E608E053120C1B0A6606","raghavender@squareup.com","","","300000382477059","","","","","1","","A","","","","N","","119 West 24th Street/2nd Fl/NEW YORK, NY 10011"
"155 Wellington St West","","","","Toronto","CA","","M2N 7E9","ON","","USER_ENTERED","","","","","","","","","POSTAL_ADDR_CA","","","","","","","","","","","","","","","","","","","","","","","","","","","","","","","","","","","","","","","","","","","","","","","","","","","","","","","","","","","","pavan@squareup.com","XLE_CREATE_LE","2018/06/07 05:17:01.001","","","","2025/11/18","","","155 Wellington St West,TORONTO ON  M2N 7E9,CANADA","155 Wellington St West<BR>TORONTO ON  M2N 7E9<BR>CANADA","DIRTY","","Y","","","","2025/02/21 04:31:27.005","2E92C9BAF2C315ECE0639696500AE7D0","srinibas@squareup.com","","","300000002020060","","","","","1","","A","","","","N","","155 Wellington St West/TORONTO ON  M2N 7E9/CANADA"
"1455 Market Street","Suite #600","","","San Francisco","US","","94103","","CA","USER_ENTERED","","","","","","","","","POSTAL_ADDR_US","","","","","","","","","","","","","","","","","","","","","","","","","","","","","","","","","","","","","","","","","","","","","","","","","","","","","","","","","","","","pavan@squareup.com","XLE_CREATE_LE","2018/06/07 03:31:34.0","","","","2025/11/18","","","1455 Market Street,Suite #600,SAN FRANCISCO, CA 94103","1455 Market Street<BR>Suite #600<BR>SAN FRANCISCO, CA 94103","DIRTY","","Y","","","","2018/06/07 03:32:51.585","6B843481EBF55671E053140C1B0AB2BB","pavan@squareup.com","","","300000002015006","","","","","1","","A","","","","N","","1455 Market Street/Suite #600/SAN FRANCISCO, CA 94103"
"Level 46","Tower One - International Towers","100 Barangaroo Avenue Barangaroo","","Sydney","AU","","2000","","NSW","USER_ENTERED","","","","","","","","","POSTAL_ADDR_AU","","","","","","","","","","","","","","","","","","","","","","","","","","","","","","","","","","","","","","","","","","","","","","","","","","","","","","","","","","","","mukund1@squareup.com","XLE_CREATE_LE","2018/09/27 17:45:23.0","","","","2025/11/18","","","Level 46,Tower One - International Towers,100 Barangaroo Avenue Barangaroo,Sydney NSW 2000,AUSTRALIA","Level 46<BR>Tower One - International Towers<BR>100 Barangaroo Avenue Barangaroo<BR>Sydney NSW 2000<BR>AUSTRALIA","DIRTY","","Y","","","","2025/02/20 10:38:11.029","2E8E7EC5497B5F7DE0639696500ADB19","srinibas@squareup.com","","","300000008929961","","","","","1","","A","","","","N","","Level 46/Tower One - International Towers/100 Barangaroo Avenue Barangaroo/Sydney NSW 2000/AUSTRALIA"
"The Bloomsbury Building","10 Bloomsbury Way","","","London","GB","","WC1A 2SL","","LDN","USER_ENTERED","","","","","","","","","POSTAL_ADDR_GB","","","","","","","","","","","","","","","","","","","","","","","","","","","","","","","","","","","","","","","","","","","","","","","","","","","","","","","","","","","","mukund1@squareup.com","XLE_CREATE_LE","2018/09/27 20:47:00.001","","","","2025/11/18","","","The Bloomsbury Building,10 Bloomsbury Way,LONDON,LDN,WC1A 2SL,UNITED KINGDOM","The Bloomsbury Building<BR>10 Bloomsbury Way<BR>LONDON<BR>LDN<BR>WC1A 2SL<BR>UNITED KINGDOM","DIRTY","","Y","","","","2025/02/20 10:38:11.038","2E8E7EC5497B5F7DE0639696500ADB19","srinibas@squareup.com","","","300000008928925","","","","","1","","A","","","","N","","The Bloomsbury Building/10 Bloomsbury Way/LONDON/LDN/WC1A 2SL/UNITED KINGDOM"
"Kita-Aoyama","Minato-Ku","","","Tokyo","JP","","106-0032","","","USER_ENTERED","","","","","","","","","POSTAL_ADDR_JP","","","","","","","","","","","","","","","","","","","","","","","","","","","","","","","","","","","","","","","","","","","","","","","","","","","","","","","","","","","","raghavender@squareup.com","XLE_CREATE_LE","2019/01/29 18:24:16.001","","","","2025/11/18","","","JAPAN,106-0032,Tokyo,Kita-Aoyama,Minato-Ku","JAPAN<BR>106-0032<BR>Tokyo<BR>Kita-Aoyama<BR>Minato-Ku","DIRTY","","Y","","","","2025/02/20 19:05:31.0","2E94F82ECE09D0DFE0639696500A61A0","sqfinance@squareup.com","","","300000012345671","","","","","1","","A","","","","N","","JAPAN/106-0032/Tokyo/Kita-Aoyama/Minato-Ku"
"70 Sir John Rogerson's Quay","","","","Dublin","IE","","D02 R296","","Dublin","USER_ENTERED","","","","","","","","","POSTAL_ADDR_IE","","","","","","","","","","","","","","","","","","","","","","","","","","","","","","","","","","","","","","","","","","","","","","","","","","","","","","","","","","","","mukund1@squareup.com","XLE_CREATE_LE","2018/09/27 20:16:27.001","","","","2025/11/18","","","70 Sir John Rogerson's Quay,Dublin  D02 R296,Dublin,IRELAND","70 Sir John Rogerson's Quay<BR>Dublin  D02 R296<BR>Dublin<BR>IRELAND","DIRTY","","Y","","","","2025/02/20 11:39:39.0","2E8E7EC5497B5F7DE0639696500ADB19","srinibas@squareup.com","","","300000008928901","","","","","1","","A","","","","N","","70 Sir John Rogerson's Quay/Dublin  D02 R296/Dublin/IRELAND"
"70 Sir John Rogerson's Quay","","","","Dublin","IE","","D02 R296","","Dublin","USER_ENTERED","","","","","","","","","POSTAL_ADDR_IE","","","","","","","","","","","","","","","","","","","","","","","","","","","","","","","","","","","","","","","","","","","","","","","","","","","","","","","","","","","","mukund1@squareup.com","XLE_CREATE_LE","2018/09/27 20:08:54.001","","","","2025/11/18","","","70 Sir John Rogerson's Quay,Dublin  D02 R296,Dublin,IRELAND","70 Sir John Rogerson's Quay<BR>Dublin  D02 R296<BR>Dublin<BR>IRELAND","DIRTY","","Y","","","","2025/02/20 11:39:39.003","2E8E7EC5497B5F7DE0639696500ADB19","srinibas@squareup.com","","","300000008928897","","","","","1","","A","","","","N","","70 Sir John Rogerson's Quay/Dublin  D02 R296/Dublin/IRELAND"
"WTC","Tower A, 4th Floor","","","Amsterdam","NL","","1077 XX","","","USER_ENTERED","","","","","","","","","POSTAL_ADDR_NL","","","","","","","","","","","","","","","","","","","","","","","","","","","","","","","","","","","","","","","","","","","","","","","","","","","","","","","","","","","","mukund1@squareup.com","XLE_CREATE_LE","2020/04/07 19:30:13.001","","","","2025/11/18","","","WTC,Tower A, 4th Floor,1077 XX AMSTERDAM,NETHERLANDS","WTC<BR>Tower A, 4th Floor<BR>1077 XX AMSTERDAM<BR>NETHERLANDS","DIRTY","","Y","","","","2025/02/20 12:33:49.01","2E8E7EC5497B5F7DE0639696500ADB19","srinibas@squareup.com","","","300000281075456","","","","","1","","A","","","","N","","WTC/Tower A, 4th Floor/1077 XX AMSTERDAM/NETHERLANDS"
"14/F, 4001 Shennan Road, Futian District, Shenzhen,","","","","","CN","","518048","Guangdong","","USER_ENTERED","","Futian","","","","","","","POSTAL_ADDR_CN","","","","","","","","","","","","","","","","","","","","","","","","","","","","","","","","","","","","","","","","","","","","","","","","","","","","","","","","","","","","mukund1@squareup.com","XLE_CREATE_LE","2020/04/07 19:31:22.22","","","","2025/11/18","","","CHINA,518048  GUANGDONG,, Futian,14/F, 4001 Shennan Road, Futian District, Shenzhen,","CHINA<BR>518048  GUANGDONG<BR>, Futian<BR>14/F, 4001 Shennan Road, Futian District, Shenzhen,","DIRTY","","Y","","","","2025/02/20 11:19:44.006","2E8E7EC5497B5F7DE0639696500ADB19","srinibas@squareup.com","","","300000281075458","","","","","1","","A","","","","N","","CHINA/518048  GUANGDONG/, Futian/14/F, 4001 Shennan Road, Futian District, Shenzhen,"
"8 Marina Blvd,, #05-02,,","Marina Bay Financial Centre,","","","Singapore","SG","","018981","","","USER_ENTERED","","","","","","","","","POSTAL_ADDR_SG","","","","","","","","","","","","","","","","","","","","","","","","","","","","","","","","","","","","","","","","","","","","","","","","","","","","","","","","","","","","mukund1@squareup.com","XLE_CREATE_LE","2020/04/08 04:43:55.0","","","","2025/11/18","","","8 Marina Blvd,, #05-02,, Marina Bay Financial Centre,,Singapore,Singapore 018981","8 Marina Blvd,, #05-02,, Marina Bay Financial Centre,<BR>Singapore<BR>Singapore 018981","DIRTY","","Y","","","","2025/02/20 12:33:49.0","2E8E7EC5497B5F7DE0639696500ADB19","srinibas@squareup.com","","","300000253770874","","","","","1","","A","","","","N","","8 Marina Blvd,, #05-02,, Marina Bay Financial Centre,/Singapore/Singapore 018981"
"Advokatfirma DLA Piper","Sweden KB,","Kungsgatan","","Stockholm","SE","","103 90","","","USER_ENTERED","","","","","","","","","POSTAL_ADDR_SE","","","","","","","","","","","","","","","","","","","","","","","","","","","","","","","","","","","","","","","","","","","","","","","","","","","","","","","","","","","","mukund1@squareup.com","XLE_CREATE_LE","2020/04/08 04:43:55.745","","","","2025/11/18","","","Advokatfirma DLA Piper,Sweden KB,,Kungsgatan,103 90 Stockholm,SWEDEN","Advokatfirma DLA Piper<BR>Sweden KB,<BR>Kungsgatan<BR>103 90 Stockholm<BR>SWEDEN","DIRTY","","Y","","","","2025/02/20 12:26:26.0","2E8E7EC5497B5F7DE0639696500ADB19","srinibas@squareup.com","","","300000253770875","","","","","1","","A","","","","N","","Advokatfirma DLA Piper/Sweden KB,/Kungsgatan/103 90 Stockholm/SWEDEN"
"4 RUE DE MARIVAUX","","","","PARIS","FR","","75002","","","USER_ENTERED","","","","","","","","","POSTAL_ADDR_FR","","","","","","","","","","","","","","","","","","","","","","","","","","","","","","","","","","","","","","","","","","","","","","","","","","","","","","","","","","","","mukund1@squareup.com","XLE_CREATE_LE","2020/04/08 04:43:55.759","","","","2025/11/18","","","4 RUE DE MARIVAUX,75002 PARIS,FRANCE","4 RUE DE MARIVAUX<BR>75002 PARIS<BR>FRANCE","DIRTY","","Y","","","","2020/04/08 04:43:55.971","A1C7CC6529184F85E053120C1B0AA367","mukund1@squareup.com","","","300000253770877","","","","","1","","A","","","","N","","4 RUE DE MARIVAUX/75002 PARIS/FRANCE"
"6th Foor","One London Wall","","","London","GB","","EC2Y 5EB","","LDN","USER_ENTERED","","","","","","","","","POSTAL_ADDR_GB","","","","","","","","","","","","","","","","","","","","","","","","","","","","","","","","","","","","","","","","","","","","","","","","","","","","","","","","","","","","raghavender@squareup.com","XLE_CREATE_LE","2020/08/17 05:03:23.001","","","","2025/11/18","","","6th Foor,One London Wall,LONDON,LDN,EC2Y 5EB,UNITED KINGDOM","6th Foor<BR>One London Wall<BR>LONDON<BR>LDN<BR>EC2Y 5EB<BR>UNITED KINGDOM","DIRTY","","Y","","","","2025/02/20 10:38:11.042","2E8E7EC5497B5F7DE0639696500ADB19","srinibas@squareup.com","","","300000440346493","","","","","1","","A","","","","N","","6th Foor/One London Wall/LONDON/LDN/EC2Y 5EB/UNITED KINGDOM"
"HUINAHA REINSURANCE INC","201 MERCHANT ST,STE 2400","","","HONOLULU","US","","96813","","HI","USER_ENTERED","","","","","","","","","POSTAL_ADDR_US","","","","","","","","","","","","","","","","","","","","","","","","","","","","","","","","","","","","","","","","","","","","","","","","","","","","","","","","","","","","vinay@squareup.com","XLE_CREATE_LE","2020/10/16 08:01:14.001","","","","2025/11/18","","","HUINAHA REINSURANCE INC,201 MERCHANT ST,STE 2400,HONOLULU, HI 96813","HUINAHA REINSURANCE INC<BR>201 MERCHANT ST,STE 2400<BR>HONOLULU, HI 96813","DIRTY","","Y","","","","2020/10/16 08:03:16.054","AE8023E8E1F8ABE4E053140C1B0A79D0","vinay@squareup.com","","","300000510746653","","","","","1","","A","","","","N","","HUINAHA REINSURANCE INC/201 MERCHANT ST,STE 2400/HONOLULU, HI 96813"
"920 SW 6th Avenue","Ste. 1200","","","Portland","US","","97204","","OR","USER_ENTERED","","","","","","","","","POSTAL_ADDR_US","","","","","","","","","","","","","","","","","","","","","","","","","","","","","","","","","","","","","","","","","","","","","","","","","","","","","","","","","","","","raghavender@squareup.com","XLE_CREATE_LE","2020/07/18 15:09:31.001","","","","2025/11/18","","","920 SW 6th Avenue,Ste. 1200,PORTLAND, OR 97204","920 SW 6th Avenue<BR>Ste. 1200<BR>PORTLAND, OR 97204","DIRTY","","Y","","","","2020/07/18 15:11:01.805","A618ABD9B323E64CE053120C1B0A69B0","raghavender@squareup.com","","","300000407111005","","","","","1","","A","","","","N","","920 SW 6th Avenue/Ste. 1200/PORTLAND, OR 97204"
"","","","","","US","","","","","USER_ENTERED","","","","","","","","","POSTAL_ADDR_US","","","","","","","","","","","","","","","","","","","","","","","","","","","","","","","","","","","","","","","","","","","","","","","","","","","","","","","","","","","","raghavender@squareup.com","XLE_CREATE_LE","2020/07/18 15:10:28.503","","","","2025/11/18","","","UNITED STATES","UNITED STATES","DIRTY","","Y","","","","2020/07/18 15:12:16.927","A618ABD9B323E64CE053120C1B0A69B0","raghavender@squareup.com","","","300000407111006","","","","","1","","A","","","","N","","UNITED STATES"
"Plaza de Catalunya","21 Third Floor","","","Barcelona","ES","","08002","Barcelona","","USER_ENTERED","","","","","","","","","POSTAL_ADDR_ES","","","","","","","","","","","","","","","","","","","","","","","","","","","","","","","","","","","","","","","","","","","","","","","","","","","","","","","","","","","","raghavender@squareup.com","XLE_CREATE_LE","2020/07/03 21:10:38.001","","","","2025/11/18","","","Plaza de Catalunya,21 Third Floor,08002 BARCELONA(BARCELONA,SPAIN","Plaza de Catalunya<BR>21 Third Floor<BR>08002 BARCELONA(BARCELONA<BR>SPAIN","DIRTY","","Y","","","","2025/02/20 11:29:16.0","2E8E7EC5497B5F7DE0639696500ADB19","srinibas@squareup.com","","","300000382875795","","","","","1","","A","","","","N","","Plaza de Catalunya/21 Third Floor/08002 BARCELONA(BARCELONA/SPAIN"
"Lvovo g. 105A","2 aukštas","","","Vilnius","LT","","LT-08104","","Vilnius","USER_ENTERED","","","","","","","","","POSTAL_ADDR_DEF","","","","","","","","","","","","","","","","","","","","","","","","","","","","","","","","","","","","","","","","","","","","","","","","","","","","","","","","","","","","raghavender@squareup.com","XLE_CREATE_LE","2020/07/03 21:11:38.804","","","","2025/11/18","","","Lvovo g. 105A,2 aukštas,VILNIUS VILNIUS LT-08104,LITHUANIA","Lvovo g. 105A<BR>2 aukštas<BR>VILNIUS VILNIUS LT-08104<BR>LITHUANIA","DIRTY","","Y","","","","2025/02/20 12:47:27.0","2E8E7EC5497B5F7DE0639696500ADB19","srinibas@squareup.com","","","300000382875796","","","","","1","","A","","","","N","","Lvovo g. 105A/2 aukštas/VILNIUS VILNIUS LT-08104/LITHUANIA"
"TMF Group, Level 11"," 41 Shortland Street"," Auckland Central 1010 PPB: QB Studios, Studio 4, 206 Jervois Rd, Herne Bay","","Auckland","NZ","","1011","","","USER_ENTERED","","","","","","","","","POSTAL_ADDR_NZ","","","","","","","","","","","","","","","","","","","","","","","","","","","","","","","","","","","","","","","","","","","","","","","","","","","","","","","","","","","","viyan@squareup.com","XLE_CREATE_LE","2022/04/01 06:02:05.001","","","","2025/11/18","","","TMF Group, Level 11, 41 Shortland Street, Auckland Central 1010 PPB: QB Studios, Studio 4, 206 Jervois Rd, Herne Bay,Auckland 1011,NEW ZEALAND","TMF Group, Level 11<BR> 41 Shortland Street<BR> Auckland Central 1010 PPB: QB Studios, Studio 4, 206 Jervois Rd, Herne Bay<BR>Auckland 1011<BR>NEW ZEALAND","DIRTY","","Y","","","","2025/02/20 12:16:50.0","2E8E7EC5497B5F7DE0639696500ADB19","srinibas@squareup.com","","","300001477419568","","","","","1","","A","","","","N","","TMF Group, Level 11/ 41 Shortland Street/ Auckland Central 1010 PPB: QB Studios, Studio 4, 206 Jervois Rd, Herne Bay/Auckland 1011/NEW ZEALAND"
"Suite 2600, Three Bentall Centre  595 Burrard Street, ","Vancouver BC V7X 1L3","","","Vancouver","CA","","V6E 4E5","BC","","USER_ENTERED","","","","","","","","","POSTAL_ADDR_CA","","","","","","","","","","","","","","","","","","","","","","","","","","","","","","","","","","","","","","","","","","","","","","","","","","","","","","","","","","","","viyan@squareup.com","XLE_CREATE_LE","2022/04/01 06:35:56.001","","","","2025/11/18","","","Suite 2600, Three Bentall Centre  595 Burrard Street,,Vancouver BC V7X 1L3,VANCOUVER BC  V6E 4E5,CANADA","Suite 2600, Three Bentall Centre  595 Burrard Street,<BR>Vancouver BC V7X 1L3<BR>VANCOUVER BC  V6E 4E5<BR>CANADA","DIRTY","","Y","","","","2025/02/21 04:31:27.0","2E92C9BAF2C315ECE0639696500AE7D0","srinibas@squareup.com","","","300001477419584","","","","","1","","A","","","","N","","Suite 2600, Three Bentall Centre  595 Burrard Street,/Vancouver BC V7X 1L3/VANCOUVER BC  V6E 4E5/CANADA"
"80 Robinson Road","#20-00","","","Singapore","SG","","068898","","","USER_ENTERED","","","","","","","","","POSTAL_ADDR_SG","","","","","","","","","","","","","","","","","","","","","","","","","","","","","","","","","","","","","","","","","","","","","","","","","","","","","","","","","","","","viyan@squareup.com","XLE_CREATE_LE","2022/04/01 05:52:24.001","","","","2025/11/18","","","80 Robinson Road #20-00,Singapore,Singapore 068898","80 Robinson Road #20-00<BR>Singapore<BR>Singapore 068898","DIRTY","","Y","","","","2025/02/20 12:33:49.006","2E8E7EC5497B5F7DE0639696500ADB19","srinibas@squareup.com","","","300001477419562","","","","","1","","A","","","","N","","80 Robinson Road #20-00/Singapore/Singapore 068898"
"Queen & Collins Tower","Afterpay, Level 8","376 – 390 Collins Street","","Melbourne","AU","","3000","","VIC","USER_ENTERED","","","","","","","","","POSTAL_ADDR_AU","","","","","","","","","","","","","","","","","","","","","","","","","","","","","","","","","","","","","","","","","","","","","","","","","","","","","","","","","","","","viyan@squareup.com","XLE_CREATE_LE","2022/04/01 05:45:38.001","","","","2025/11/18","","","Queen & Collins Tower,Afterpay, Level 8,376 – 390 Collins Street,Melbourne VIC 3000,AUSTRALIA","Queen &amp; Collins Tower<BR>Afterpay, Level 8<BR>376 – 390 Collins Street<BR>Melbourne VIC 3000<BR>AUSTRALIA","DIRTY","","Y","","","","2025/02/20 10:38:11.025","2E8E7EC5497B5F7DE0639696500ADB19","srinibas@squareup.com","","","300001477419557","","","","","1","","A","","","","N","","Queen & Collins Tower/Afterpay, Level 8/376 – 390 Collins Street/Melbourne VIC 3000/AUSTRALIA"
"34 Bermudiana Road","","","","Hamilton","BM","","HM 11","","Pembroke","USER_ENTERED","","","","","","","","","POSTAL_ADDR_DEF","","","","","","","","","","","","","","","","","","","","","","","","","","","","","","","","","","","","","","","","","","","","","","","","","","","","","","","","","","","","viyan@squareup.com","XLE_CREATE_LE","2022/04/01 05:50:40.001","","","","2025/11/18","","","34 Bermudiana Road,HAMILTON PEMBROKE HM 11,BERMUDA","34 Bermudiana Road<BR>HAMILTON PEMBROKE HM 11<BR>BERMUDA","DIRTY","","Y","","","","2025/02/20 10:59:13.005","2E8E7EC5497B5F7DE0639696500ADB19","srinibas@squareup.com","","","300001477419560","","","","","1","","A","","","","N","","34 Bermudiana Road/HAMILTON PEMBROKE HM 11/BERMUDA"
"Recapital Building, Jl. Aditiyawarman","No.55, RT.3/RW.2, Melawai, Kec. Kby.","Baru, Kota Jakarta Selatan, Daerah Khusus Ibukota","","Jakarta","ID","","12160","","JK","USER_ENTERED","","","","","","","","","POSTAL_ADDR_DEF","","","","","","","","","","","","","","","","","","","","","","","","","","","","","","","","","","","","","","","","","","","","","","","","","","","","","","","","","","","","viyan@squareup.com","XLE_CREATE_LE","2022/04/01 05:54:00.0","","","","2025/11/18","","","Recapital Building, Jl. Aditiyawarman,No.55, RT.3/RW.2, Melawai, Kec. Kby.,Baru, Kota Jakarta Selatan, Daerah Khusus Ibukota,JAKARTA JK 12160,INDONESIA","Recapital Building, Jl. Aditiyawarman<BR>No.55, RT.3/RW.2, Melawai, Kec. Kby.<BR>Baru, Kota Jakarta Selatan, Daerah Khusus Ibukota<BR>JAKARTA JK 12160<BR>INDONESIA","DIRTY","","Y","","","","2025/02/20 11:37:22.0","2E8E7EC5497B5F7DE0639696500ADB19","srinibas@squareup.com","","","300001477419564","","","","","1","","A","","","","N","","Recapital Building, Jl. Aditiyawarman/No.55, RT.3/RW.2, Melawai, Kec. Kby./Baru, Kota Jakarta Selatan, Daerah Khusus Ibukota/JAKARTA JK 12160/INDONESIA"
"No. 88, Century Avenue","Unit 1506B,  Jin Mao Tower Office Building","","","","CN","","","Shanghai","","USER_ENTERED","","Pudong","","","","","","","POSTAL_ADDR_CN","","","","","","","","","","","","","","","","","","","","","","","","","","","","","","","","","","","","","","","","","","","","","","","","","","","","","","","","","","","","viyan@squareup.com","XLE_CREATE_LE","2022/04/01 05:58:03.001","","","","2025/11/18","","","CHINA,SHANGHAI,, Pudong,No. 88, Century Avenue,, Unit 1506B,  Jin Mao Tower Office Building","CHINA<BR>SHANGHAI<BR>, Pudong<BR>No. 88, Century Avenue<BR>, Unit 1506B,  Jin Mao Tower Office Building","DIRTY","","Y","","","","2025/02/20 13:58:42.0","2E8E7EC5497B5F7DE0639696500ADB19","srinibas@squareup.com","","","300001477419566","","","","","1","","A","","","","N","","CHINA/SHANGHAI/, Pudong/No. 88, Century Avenue/, Unit 1506B,  Jin Mao Tower Office Building"
"22 Long Acre","","","","London","GB","","WC2E 9LY","","LDN","USER_ENTERED","","","","","","","","","POSTAL_ADDR_GB","","","","","","","","","","","","","","","","","","","","","","","","","","","","","","","","","","","","","","","","","","","","","","","","","","","","","","","","","","","","viyan@squareup.com","XLE_CREATE_LE","2022/04/01 06:08:10.005","","","","2025/11/18","","","22 Long Acre,LONDON,LDN,WC2E 9LY,UNITED KINGDOM","22 Long Acre<BR>LONDON<BR>LDN<BR>WC2E 9LY<BR>UNITED KINGDOM","DIRTY","","Y","","","","2025/02/20 10:38:11.053","2E8E7EC5497B5F7DE0639696500ADB19","srinibas@squareup.com","","","300001477419570","","","","","1","","A","","","","N","","22 Long Acre/LONDON/LDN/WC2E 9LY/UNITED KINGDOM"
"760 Market St","","","","San Francisco","US","","94102","","CA","USER_ENTERED","","","","","","","","","POSTAL_ADDR_US","","","","","","","","","","","","","","","","","","","","","","","","","","","","","","","","","","","","","","","","","","","","","","","","","","","","","","","","","","","","viyan@squareup.com","XLE_CREATE_LE","2022/04/01 06:49:26.001","","","","2025/11/18","","","760 Market St,SAN FRANCISCO, CA 94102","760 Market St<BR>SAN FRANCISCO, CA 94102","DIRTY","","Y","","","","2025/02/19 13:59:30.019","2E7EDEA2BB0CB15EE0639696500A278E","sqfinance@squareup.com","","","300001477419586","","","","","1","","A","","","","N","","760 Market St/SAN FRANCISCO, CA 94102"
"28046 Madrid","Paseo de la Castellana","","","Paseo de la Castellana ","ES","","28002","Madrid","","USER_ENTERED","","","","","","","","","POSTAL_ADDR_ES","","","","","","","","","","","","","","","","","","","","","","","","","","","","","","","","","","","","","","","","","","","","","","","","","","","","","","","","","","","","viyan@squareup.com","XLE_CREATE_LE","2022/04/01 06:11:54.001","","","","2025/11/18","","","28046 Madrid,Paseo de la Castellana,28002 PASEO DE LA CASTELLANA (MADRID,SPAIN","28046 Madrid<BR>Paseo de la Castellana<BR>28002 PASEO DE LA CASTELLANA (MADRID<BR>SPAIN","DIRTY","","Y","","","","2025/02/20 19:16:51.0","2E94F82ECE09D0DFE0639696500A61A0","sqfinance@squareup.com","","","300001477419574","","","","","1","","A","","","","N","","28046 Madrid/Paseo de la Castellana/28002 PASEO DE LA CASTELLANA (MADRID/SPAIN"
"64-66, rue des archives","","","","Paris","FR","","75003","","","USER_ENTERED","","","","","","","","","POSTAL_ADDR_FR","","","","","","","","","","","","","","","","","","","","","","","","","","","","","","","","","","","","","","","","","","","","","","","","","","","","","","","","","","","","viyan@squareup.com","XLE_CREATE_LE","2022/04/01 06:23:29.001","","","","2025/11/18","","","64-66, rue des archives,75003 PARIS,FRANCE","64-66, rue des archives<BR>75003 PARIS<BR>FRANCE","DIRTY","","Y","","","","2022/04/01 06:26:07.239","DB91A593FA8CFF7FE053A062500AE563","viyan@squareup.com","","","300001477419578","","","","","1","","A","","","","N","","64-66, rue des archives/75003 PARIS/FRANCE"
"RO: C/- Corporation Service Company"," 251 Little Falls Drive  Wilmington, DE 19808  PPB: Suite 15-001, 600 California Street, 11th floor  San Francisco, CA 94108""","","","San Francisco","US","","94108","","CA","USER_ENTERED","","","","","","","","","POSTAL_ADDR_US","","","","","","","","","","","","","","","","","","","","","","","","","","","","","","","","","","","","","","","","","","","","","","","","","","","","","","","","","","","","viyan@squareup.com","XLE_CREATE_LE","2022/04/01 06:29:15.001","","","","2025/11/18","","","RO: C/- Corporation Service Company, 251 Little Falls Drive  Wilmington, DE 19808  PPB: Suite 15-001, 600 California Street, 11th floor  San Francisco, CA 94108"",SAN FRANCISCO, CA 94108","RO: C/- Corporation Service Company<BR> 251 Little Falls Drive  Wilmington, DE 19808  PPB: Suite 15-001, 600 California Street, 11th floor  San Francisco, CA 94108&quot;<BR>SAN FRANCISCO, CA 94108","DIRTY","","Y","","","","2025/02/19 13:59:30.014","2E7EDEA2BB0CB15EE0639696500A278E","sqfinance@squareup.com","","","300001477419582","","","","","1","","A","","","","N","","RO: C/- Corporation Service Company/ 251 Little Falls Drive  Wilmington, DE 19808  PPB: Suite 15-001, 600 California Street, 11th floor  San Francisco, CA 94108""/SAN FRANCISCO, CA 94108"
"1 Bartholomew Lane","","","","London","GB","","EC2N 2AZ","","LDN","USER_ENTERED","","","","","","","","","POSTAL_ADDR_GB","","","","","","","","","","","","","","","","","","","","","","","","","","","","","","","","","","","","","","","","","","","","","","","","","","","","","","","","","","","","viyan@squareup.com","XLE_CREATE_LE","2022/04/01 06:10:34.001","","","","2025/11/18","","","1 Bartholomew Lane,LONDON,LDN,EC2N 2AZ,UNITED KINGDOM","1 Bartholomew Lane<BR>LONDON<BR>LDN<BR>EC2N 2AZ<BR>UNITED KINGDOM","DIRTY","","Y","","","","2025/02/20 10:38:11.058","2E8E7EC5497B5F7DE0639696500ADB19","srinibas@squareup.com","","","300001477419572","","","","","1","","A","","","","N","","1 Bartholomew Lane/LONDON/LDN/EC2N 2AZ/UNITED KINGDOM"
"Via Pietro Paleocapa 7","","","","Milan","IT","","20121","Milano","","USER_ENTERED","","","","","","","","","POSTAL_ADDR_IT","","","","","","","","","","","","","","","","","","","","","","","","","","","","","","","","","","","","","","","","","","","","","","","","","","","","","","","","","","","","viyan@squareup.com","XLE_CREATE_LE","2022/04/01 06:18:39.001","","","","2025/11/18","","","Via Pietro Paleocapa 7,20121 MILAN MILANO,ITALY","Via Pietro Paleocapa 7<BR>20121 MILAN MILANO<BR>ITALY","DIRTY","","Y","","","","2025/02/20 12:11:28.0","2E8E7EC5497B5F7DE0639696500ADB19","srinibas@squareup.com","","","300001477419576","","","","","1","","A","","","","N","","Via Pietro Paleocapa 7/20121 MILAN MILANO/ITALY"
"Pariser Platz 6a","3rd floor","","","Berlin","DE","","10117","","","USER_ENTERED","","","","","","","","","POSTAL_ADDR_DE","","","","","","","","","","","","","","","","","","","","","","","","","","","","","","","","","","","","","","","","","","","","","","","","","","","","","","","","","","","","viyan@squareup.com","XLE_CREATE_LE","2022/04/01 06:26:52.001","","","","2025/11/18","","","Pariser Platz 6a,3rd floor,10117 Berlin,GERMANY","Pariser Platz 6a<BR>3rd floor<BR>10117 Berlin<BR>GERMANY","DIRTY","","Y","","","","2022/04/01 06:29:06.336","DB91A593FA8CFF7FE053A062500AE563","viyan@squareup.com","","","300001477419580","","","","","1","","A","","","","N","","Pariser Platz 6a/3rd floor/10117 Berlin/GERMANY"
"Level 23, 2 Freshwater Place Melbourne VIC 3006","Australia  Relocating to (Effective Date 11/1/2021) 376-390 Collins St","","","Melbourne","AU","","3000","","VIC","USER_ENTERED","","","","","","","","","POSTAL_ADDR_AU","","","","","","","","","","","","","","","","","","","","","","","","","","","","","","","","","","","","","","","","","","","","","","","","","","","","","","","","","","","","viyan@squareup.com","XLE_CREATE_LE","2022/04/01 06:51:35.001","","","","2025/11/18","","","Level 23, 2 Freshwater Place Melbourne VIC 3006,Australia  Relocating to (Effective Date 11/1/2021) 376-390 Collins St,Melbourne VIC 3000,AUSTRALIA","Level 23, 2 Freshwater Place Melbourne VIC 3006<BR>Australia  Relocating to (Effective Date 11/1/2021) 376-390 Collins St<BR>Melbourne VIC 3000<BR>AUSTRALIA","DIRTY","","Y","","","","2025/02/20 10:38:11.0","2E8E7EC5497B5F7DE0639696500ADB19","srinibas@squareup.com","","","300001477419588","","","","","1","","A","","","","N","","Level 23, 2 Freshwater Place Melbourne VIC 3006/Australia  Relocating to (Effective Date 11/1/2021) 376-390 Collins St/Melbourne VIC 3000/AUSTRALIA"
"Geschaftsanschrift","Neue Schonhauser","Strasse 2","","Berlin","DE","","10178","","","USER_ENTERED","","","","","","","","","POSTAL_ADDR_DE","","","","","","","","","","","","","","","","","","","","","","","","","","","","","","","","","","","","","","","","","","","","","","","","","","","","","","","","","","","","vinay@squareup.com","XLE_CREATE_LE","2020/08/26 10:42:20.0","","","","2025/11/18","","","Geschaftsanschrift,Neue Schonhauser,Strasse 2,10178 Berlin,GERMANY","Geschaftsanschrift<BR>Neue Schonhauser<BR>Strasse 2<BR>10178 Berlin<BR>GERMANY","DIRTY","","Y","","","","2020/08/26 10:44:13.148","AD73EB7CB46B6D65E053120C1B0ADE99","vinay@squareup.com","","","300000453006184","","","","","1","","A","","","","N","","Geschaftsanschrift/Neue Schonhauser/Strasse 2/10178 Berlin/GERMANY"
"760 Market Street","2nd Floor","","","San Francisco","US","","94102","","CA","USER_ENTERED","","","","","","","","","POSTAL_ADDR_US","","","","","","","","","","","","","","","","","","","","","","","","","","","","","","","","","","","","","","","","","","","","","","","","","","","","","","","","","","","","abhinand@squareup.com","XLE_CREATE_LE","2020/12/10 10:23:34.017","","","","2025/11/18","","","760 Market Street,2nd Floor,SAN FRANCISCO, CA 94102","760 Market Street<BR>2nd Floor<BR>SAN FRANCISCO, CA 94102","DIRTY","","Y","","","","2020/12/10 10:30:37.0","B4A43C7A673DC28CE053A162500A7D57","abhinand@squareup.com","","","300000557030906","","","","","1","","A","","","","N","","760 Market Street/2nd Floor/SAN FRANCISCO, CA 94102"
"760 Market Street,","2nd Floor,","","","San Francisco,","US","","94102","","CA","USER_ENTERED","","","","","","","","","POSTAL_ADDR_US","","","","","","","","","","","","","","","","","","","","","","","","","","","","","","","","","","","","","","","","","","","","","","","","","","","","","","","","","","","","abhinand@squareup.com","XLE_CREATE_LE","2020/12/10 09:57:03.001","","","","2025/11/18","","","760 Market Street,,2nd Floor,,SAN FRANCISCO,, CA 94102","760 Market Street,<BR>2nd Floor,<BR>SAN FRANCISCO,, CA 94102","DIRTY","","Y","","","","2020/12/10 09:58:23.386","B4A3F791723240D9E053A062500A31B8","abhinand@squareup.com","","","300000558214803","","","","","1","","A","","","","N","","760 Market Street,/2nd Floor,/SAN FRANCISCO,, CA 94102"
"3165 E. Millrock Drive","Suite 160","","","Salt Lake City","US","","84121","","UT","USER_ENTERED","","","","","","","","","POSTAL_ADDR_US","","","","","","","","","","","","","","","","","","","","","","","","","","","","","","","","","","","","","","","","","","","","","","","","","","","","","","","","","","","","srimanth@squareup.com","XLE_CREATE_LE","2021/02/25 18:21:17.001","","","","2025/11/18","","","3165 E. Millrock Drive,Suite 160,SALT LAKE CITY, UT 84121","3165 E. Millrock Drive<BR>Suite 160<BR>SALT LAKE CITY, UT 84121","DIRTY","","Y","","","","2021/02/25 18:22:00.778","BBD5533A60C67E6BE053A162500A2C31","srimanth@squareup.com","","","300000639925354","","","","","1","","A","","","","N","","3165 E. Millrock Drive/Suite 160/SALT LAKE CITY, UT 84121"
"Square","4th Floor","101 New Cavendish Street","","London","GB","","W1W 6XH","","LDN","USER_ENTERED","","","","","","","","","POSTAL_ADDR_GB","","","","","","","","","","","","","","","","","","","","","","","","","","","","","","","","","","","","","","","","","","","","","","","","","","","","","","","","","","","","abhinand@squareup.com","XLE_CREATE_LE","2021/01/20 05:02:45.0","","","","2025/11/18","","","Square,4th Floor,101 New Cavendish Street,LONDON,LDN,W1W 6XH,UNITED KINGDOM","Square<BR>4th Floor<BR>101 New Cavendish Street<BR>LONDON<BR>LDN<BR>W1W 6XH<BR>UNITED KINGDOM","DIRTY","","Y","","","","2025/02/20 10:38:11.062","2E8E7EC5497B5F7DE0639696500ADB19","srinibas@squareup.com","","","300000597027228","","","","","1","","A","","","","N","","Square/4th Floor/101 New Cavendish Street/LONDON/LDN/W1W 6XH/UNITED KINGDOM"
"Square","Fumbally Square","Fumbally Lane","","Dublin","IE","","D08 XYA5","","Dublin","USER_ENTERED","","","","","","","","","POSTAL_ADDR_IE","","","","","","","","","","","","","","","","","","","","","","","","","","","","","","","","","","","","","","","","","","","","","","","","","","","","","","","","","","","","abhinand@squareup.com","XLE_CREATE_LE","2021/01/20 05:03:53.0","","","","2025/11/18","","","Square,Fumbally Square,Fumbally Lane,Dublin  D08 XYA5,Dublin,IRELAND","Square<BR>Fumbally Square<BR>Fumbally Lane<BR>Dublin  D08 XYA5<BR>Dublin<BR>IRELAND","DIRTY","","Y","","","","2025/02/20 11:39:39.013","2E8E7EC5497B5F7DE0639696500ADB19","srinibas@squareup.com","","","300000597027230","","","","","1","","A","","","","N","","Square/Fumbally Square/Fumbally Lane/Dublin  D08 XYA5/Dublin/IRELAND"
"29F, No. 68, Section 5","Zhongxiao East Road","Xinyi District","","Taipei","TW","","11065","","","USER_ENTERED","","","","","","","","","POSTAL_ADDR_DEF","","","","","","","","","","","","","","","","","","","","","","","","","","","","","","","","","","","","","","","","","","","","","","","","","","","","","","","","","","","","viyan@squareup.com","XLE_CREATE_LE","2021/06/04 05:34:36.001","","","","2025/11/18","","","29F, No. 68, Section 5,Zhongxiao East Road,Xinyi District,TAIPEI 11065,TAIWAN","29F, No. 68, Section 5<BR>Zhongxiao East Road<BR>Xinyi District<BR>TAIPEI 11065<BR>TAIWAN","DIRTY","","Y","","","","2025/02/21 13:48:14.0","2EA6631ACEFE9C2BE0639696500A8B73","srinibas@squareup.com","","","300000742233855","","","","","1","","A","","","","N","","29F, No. 68, Section 5/Zhongxiao East Road/Xinyi District/TAIPEI 11065/TAIWAN"
"238 Kifisias Avenue","Chalandri","","","Athens","GR","","15231","","","USER_ENTERED","","","","","","","","","POSTAL_ADDR_DEF","","","","","","","","","","","","","","","","","","","","","","","","","","","","","","","","","","","","","","","","","","","","","","","","","","","","","","","","","","","","sqfinance@squareup.com","XLE_CREATE_LE","2025/08/04 12:11:50.001","","","","2025/11/18","","","238 Kifisias Avenue,Chalandri,ATHENS 15231,GREECE","238 Kifisias Avenue<BR>Chalandri<BR>ATHENS 15231<BR>GREECE","DIRTY","","Y","","","","2025/08/04 12:12:38.098","3B88655993DBE48BE0634893500AF121","sqfinance@squareup.com","","","300003277035481","","","","","1","","A","","","","N","","238 Kifisias Avenue/Chalandri/ATHENS 15231/GREECE"
"Friedrichstrabe 68","","","","Berlin","DE","","10117","","","USER_ENTERED","","","","","","","","","POSTAL_ADDR_DE","","","","","","","","","","","","","","","","","","","","","","","","","","","","","","","","","","","","","","","","","","","","","","","","","","","","","","","","","","","","viyan@squareup.com","XLE_CREATE_LE","2021/08/04 07:42:49.001","","","","2025/11/18","","","Friedrichstrabe 68,10117 Berlin,GERMANY","Friedrichstrabe 68<BR>10117 Berlin<BR>GERMANY","DIRTY","","Y","","","","2023/06/29 15:46:21.0","FF44726A3FA02B01E0534893500A0E4D","viyan@squareup.com","","","300000801811720","","","","","1","","A","","","","N","","Friedrichstrabe 68/10117 Berlin/GERMANY"
"2711 Centerville Road,","Suite 400","","","Wilmington","US","","19808","","DE","USER_ENTERED","","","","","","","","","POSTAL_ADDR_US","","","","","","","","","","","","","","","","","","","","","","","","","","","","","","","","","","","","","","","","","","","","","","","","","","","","","","","","","","","","viyan@squareup.com","XLE_CREATE_LE","2021/08/04 08:14:28.001","","","","2025/11/18","","","2711 Centerville Road,,Suite 400,WILMINGTON, DE 19808","2711 Centerville Road,<BR>Suite 400<BR>WILMINGTON, DE 19808","DIRTY","","Y","","","","2025/02/19 13:59:30.004","2E7EDEA2BB0CB15EE0639696500A278E","sqfinance@squareup.com","","","300000801811733","","","","","1","","A","","","","N","","2711 Centerville Road,/Suite 400/WILMINGTON, DE 19808"
"C/- Maples Corporate Services Limited","PO Box 309","Ugland House","","Grand Cayman","KY","","KY1-1104","","Grand Cayman","USER_ENTERED","","","","","","","","","POSTAL_ADDR_DEF","","","","","","","","","","","","","","","","","","","","","","","","","","","","","","","","","","","","","","","","","","","","","","","","","","","","","","","","","","","","viyan@squareup.com","XLE_CREATE_LE","2021/08/04 07:40:01.001","","","","2025/11/18","","","C/- Maples Corporate Services Limited,PO Box 309,Ugland House,GRAND CAYMAN GRAND CAYMAN KY1-1104,CAYMAN ISLANDS","C/- Maples Corporate Services Limited<BR>PO Box 309<BR>Ugland House<BR>GRAND CAYMAN GRAND CAYMAN KY1-1104<BR>CAYMAN ISLANDS","DIRTY","","Y","","","","2025/02/20 12:08:18.0","2E8E7EC5497B5F7DE0639696500ADB19","srinibas@squareup.com","","","300000801811718","","","","","1","","A","","","","N","","C/- Maples Corporate Services Limited/PO Box 309/Ugland House/GRAND CAYMAN GRAND CAYMAN KY1-1104/CAYMAN ISLANDS"
"Lakkegata 53","","","","Oslo","NO","","0187","","","USER_ENTERED","","","","","","","","","POSTAL_ADDR_N_EUR","","","","","","","","","","","","","","","","","","","","","","","","","","","","","","","","","","","","","","","","","","","","","","","","","","","","","","","","","","","","viyan@squareup.com","XLE_CREATE_LE","2021/08/04 07:46:56.0","","","","2025/11/18","","","Lakkegata 53,N-0187 Oslo","Lakkegata 53<BR>N-0187 Oslo","DIRTY","","Y","","","","2021/08/04 07:47:56.704","C8653C52D772BBEFE053A162500AC22B","viyan@squareup.com","","","300000801811724","","","","","1","","A","","","","N","","Lakkegata 53/N-0187 Oslo"
"c/o Tidal","540 W 26th Street","8th Floor","","Stockholm","SE","","10325","","","USER_ENTERED","","","","","","","","","POSTAL_ADDR_SE","","","","","","","","","","","","","","","","","","","","","","","","","","","","","","","","","","","","","","","","","","","","","","","","","","","","","","","","","","","","viyan@squareup.com","XLE_CREATE_LE","2021/08/04 08:04:59.0","","","","2025/11/18","","","c/o Tidal,540 W 26th Street,8th Floor,10325 Stockholm,SWEDEN","c/o Tidal<BR>540 W 26th Street<BR>8th Floor<BR>10325 Stockholm<BR>SWEDEN","DIRTY","","Y","","","","2025/02/21 13:59:45.0","2EA6631ACEFE9C2BE0639696500A8B73","srinibas@squareup.com","","","300000801811729","","","","","0","","A","","","","N","","c/o Tidal/540 W 26th Street/8th Floor/10325 Stockholm/SWEDEN"
"1955 Broadway","Suite 600","","","Oakland","US","","94612","","CA","USER_ENTERED","","","","","","","","","POSTAL_ADDR_US","","","","","","","","","","","","","","","","","","","","","","","","","","","","","","","","","","","","","","","","","","","","","","","","","","","","","","","","","","","","viyan@squareup.com","XLE_CREATE_LE","2021/08/04 08:15:29.527","","","","2025/11/18","","","1955 Broadway,Suite 600,OAKLAND, CA 94612","1955 Broadway<BR>Suite 600<BR>OAKLAND, CA 94612","DIRTY","","Y","","","","2023/06/29 15:32:51.0","FF44726A3FA02B01E0534893500A0E4D","viyan@squareup.com","","","300000801811735","","","","","1","","A","","","","N","","1955 Broadway/Suite 600/OAKLAND, CA 94612"
"The Broadgate Tower","Third Floor","20 Primrose Street","","London","GB","","EC2A 2RS","","LDN","USER_ENTERED","","","","","","","","","POSTAL_ADDR_GB","","","","","","","","","","","","","","","","","","","","","","","","","","","","","","","","","","","","","","","","","","","","","","","","","","","","","","","","","","","","viyan@squareup.com","XLE_CREATE_LE","2021/08/04 08:11:20.001","","","","2025/11/18","","","The Broadgate Tower,Third Floor,20 Primrose Street,LONDON,LDN,EC2A 2RS,UNITED KINGDOM","The Broadgate Tower<BR>Third Floor<BR>20 Primrose Street<BR>LONDON<BR>LDN<BR>EC2A 2RS<BR>UNITED KINGDOM","DIRTY","","Y","","","","2025/02/20 10:38:11.032","2E8E7EC5497B5F7DE0639696500ADB19","srinibas@squareup.com","","","300000801811731","","","","","1","","A","","","","N","","The Broadgate Tower/Third Floor/20 Primrose Street/LONDON/LDN/EC2A 2RS/UNITED KINGDOM"
"Av. Paulista, No. 807","Room 522, Bela Vista,","","","São Paulo","BR","","01311-915","","State of São Paulo","USER_ENTERED","","","","","","","","","POSTAL_ADDR_BR","","","","","","","","","","","","","","","","","","","","","","","","","","","","","","","","","","","","","","","","","","","","","","","","","","","","","","","","","","","","viyan@squareup.com","XLE_CREATE_LE","2021/08/04 07:44:37.006","","","","2025/11/18","","","Av. Paulista, No. 807,Room 522, Bela Vista,,São Paulo-STATE OF SÃO PAULO,01311-915,BRAZIL","Av. Paulista, No. 807<BR>Room 522, Bela Vista,<BR>São Paulo-STATE OF SÃO PAULO<BR>01311-915<BR>BRAZIL","DIRTY","","Y","","","","2025/02/20 10:59:13.0","2E8E7EC5497B5F7DE0639696500ADB19","srinibas@squareup.com","","","300000801811722","","","","","1","","A","","","","N","","Av. Paulista, No. 807/Room 522, Bela Vista,/São Paulo-STATE OF SÃO PAULO/01311-915/BRAZIL"
" c/o Mindspace","ul. Koszykowa 61, Office #147","","","Warsaw","PL","","00-667","","","USER_ENTERED","","","","","","","","","POSTAL_ADDR_EUR","","","","","","","","","","","","","","","","","","","","","","","","","","","","","","","","","","","","","","","","","","","","","","","","","","","","","","","","","","","","viyan@squareup.com","XLE_CREATE_LE","2021/08/04 07:48:26.419","","","","2025/11/18","",""," c/o Mindspace,ul. Koszykowa 61, Office #147,00-667 Warsaw,POLAND"," c/o Mindspace<BR>ul. Koszykowa 61, Office #147<BR>00-667 Warsaw<BR>POLAND","DIRTY","","Y","","","","2023/06/29 15:43:03.0","FF44726A3FA02B01E0534893500A0E4D","viyan@squareup.com","","","300000801811726","","","","","1","","A","","","","N",""," c/o Mindspace/ul. Koszykowa 61, Office #147/00-667 Warsaw/POLAND"
"Plaça de Catalunya, number 21","Local, 3rd floor","","","Barcelona","ES","","08002","Barcelona","","USER_ENTERED","","","","","","","","","POSTAL_ADDR_ES","","","","","","","","","","","","","","","","","","","","","","","","","","","","","","","","","","","","","","","","","","","","","","","","","","","","","","","","","","","","pavan1@squareup.com","XLE_CREATE_LE","2021/11/24 22:00:51.001","","","","2025/11/18","","","Plaça de Catalunya, number 21,Local, 3rd floor,08002 BARCELONA(BARCELONA,SPAIN","Plaça de Catalunya, number 21<BR>Local, 3rd floor<BR>08002 BARCELONA(BARCELONA<BR>SPAIN","DIRTY","","Y","","","","2025/02/20 11:29:16.011","2E8E7EC5497B5F7DE0639696500ADB19","srinibas@squareup.com","","","300000945074510","","","","","1","","A","","","","N","","Plaça de Catalunya, number 21/Local, 3rd floor/08002 BARCELONA(BARCELONA/SPAIN"
"MD-2045, str. Studentilor","9/11, mun","Republica Moldova","","Chisinau","MD","","MD-2045","","Chisinau","USER_ENTERED","","","","","","","","","POSTAL_ADDR_DEF","","","","","","","","","","","","","","","","","","","","","","","","","","","","","","","","","","","","","","","","","","","","","","","","","","","","","","","","","","","","srinibas@squareup.com","XLE_CREATE_LE","2022/06/06 18:12:40.001","","","","2025/11/18","","","MD-2045, str. Studentilor,9/11, mun,Republica Moldova,CHISINAU CHISINAU MD-2045,MOLDOVA","MD-2045, str. Studentilor<BR>9/11, mun<BR>Republica Moldova<BR>CHISINAU CHISINAU MD-2045<BR>MOLDOVA","DIRTY","","Y","","","","2025/02/20 12:57:45.0","2E8E7EC5497B5F7DE0639696500ADB19","srinibas@squareup.com","","","300001711860538","","","","","1","","A","","","","N","","MD-2045, str. Studentilor/9/11, mun/Republica Moldova/CHISINAU CHISINAU MD-2045/MOLDOVA"
"Ave La Reforma 404","","","","Monterrey","MX","","03650","","Nuevo Leon","USER_ENTERED","","","","","","","","","POSTAL_ADDR_MX","","","","","","","","","","","","","","","","","","","","","","","","","","","","","","","","","","","","","","","","","","","","","","","","","","","","","","","","","","","","satish@squareup.com","XLE_CREATE_LE","2022/05/10 23:04:07.001","","","","2025/11/18","","","Ave La Reforma 404,03650  MONTERREY, NUEVO LEON,MEXICO","Ave La Reforma 404<BR>03650  MONTERREY, NUEVO LEON<BR>MEXICO","DIRTY","","Y","","","","2025/02/21 04:31:27.012","2E92C9BAF2C315ECE0639696500AE7D0","srinibas@squareup.com","","","300001668226942","","","","","1","","A","America/Mexico_City","","","N","","Ave La Reforma 404/03650  MONTERREY, NUEVO LEON/MEXICO"
"1955 Broadway","Oakland Uptown","","","Oakland","US","","94612","","CA","USER_ENTERED","","","","","","","","","POSTAL_ADDR_US","","","","","","","","","","","","","","","","","","","","","","","","","","","","","","","","","","","","","","","","","","","","","","","","","","","","","","","","","","","","srinibas@squareup.com","XLE_CREATE_LE","2022/12/22 14:20:43.001","","","","2025/11/18","","","1955 Broadway,Oakland Uptown,OAKLAND, CA 94612","1955 Broadway<BR>Oakland Uptown<BR>OAKLAND, CA 94612","DIRTY","","Y","","","","2025/02/19 14:03:40.589","2E7EDEA2BB0CB15EE0639696500A278E","sqfinance@squareup.com","","","300002035407960","","","","","1","","A","","","","N","","1955 Broadway/Oakland Uptown/OAKLAND, CA 94612"
"Queen & Collins Tower","Level 8"," 376 - 390 Collins Street","","Melbourne","AU","","3000","","VIC","USER_ENTERED","","","","","","","","","POSTAL_ADDR_AU","","","","","","","","","","","","","","","","","","","","","","","","","","","","","","","","","","","","","","","","","","","","","","","","","","","","","","","","","","","","viyan@squareup.com","XLE_CREATE_LE","2022/12/09 17:20:51.0","","","","2025/11/18","","","Queen & Collins Tower,Level 8, 376 - 390 Collins Street,Melbourne VIC 3000,AUSTRALIA","Queen &amp; Collins Tower<BR>Level 8<BR> 376 - 390 Collins Street<BR>Melbourne VIC 3000<BR>AUSTRALIA","DIRTY","","Y","","","","2025/02/20 10:38:11.006","2E8E7EC5497B5F7DE0639696500ADB19","srinibas@squareup.com","","","300002031447730","","","","","1","","A","","","","N","","Queen & Collins Tower/Level 8/ 376 - 390 Collins Street/Melbourne VIC 3000/AUSTRALIA"
"1955 Broadway","Oakland Uptown","","","Oakland","US","","94612","","CA","USER_ENTERED","","","","","","","","","POSTAL_ADDR_US","","","","","","","","","","","","","","","","","","","","","","","","","","","","","","","","","","","","","","","","","","","","","","","","","","","","","","","","","","","","srinibas@squareup.com","XLE_CREATE_LE","2022/12/22 14:26:05.701","","","","2025/11/18","","","1955 Broadway,Oakland Uptown,OAKLAND, CA 94612","1955 Broadway<BR>Oakland Uptown<BR>OAKLAND, CA 94612","DIRTY","","Y","","","","2025/02/19 14:03:40.594","2E7EDEA2BB0CB15EE0639696500A278E","sqfinance@squareup.com","","","300002035407965","","","","","1","","A","","","","N","","1955 Broadway/Oakland Uptown/OAKLAND, CA 94612"
"Canon’s Court","22 Victoria Street","","","Hamilton","BM","","HM 12","","Pembroke","USER_ENTERED","","","","","","","","","POSTAL_ADDR_DEF","","","","","","","","","","","","","","","","","","","","","","","","","","","","","","","","","","","","","","","","","","","","","","","","","","","","","","","","","","","","viyan@squareup.com","XLE_CREATE_LE","2022/10/12 16:12:00.0","","","","2025/11/18","","","Canon’s Court,22 Victoria Street,HAMILTON PEMBROKE HM 12,BERMUDA","Canon’s Court<BR>22 Victoria Street<BR>HAMILTON PEMBROKE HM 12<BR>BERMUDA","DIRTY","","Y","","","","2022/10/12 16:14:25.036","EACBDF365F6A148DE0539696500A9133","viyan@squareup.com","","","300001966291917","","","","","1","","A","","","","N","","Canon’s Court/22 Victoria Street/HAMILTON PEMBROKE HM 12/BERMUDA"
"1600-925 West Georgia Street","","","","Vancouver","CA","","V6C 3L2","BC","","USER_ENTERED","","","","","","","","","POSTAL_ADDR_CA","","","","","","","","","","","","","","","","","","","","","","","","","","","","","","","","","","","","","","","","","","","","","","","","","","","","","","","","","","","","srinibas@squareup.com","XLE_CREATE_LE","2022/08/25 09:33:01.303","","","","2025/11/18","","","1600-925 West Georgia Street,VANCOUVER BC  V6C 3L2,CANADA","1600-925 West Georgia Street<BR>VANCOUVER BC  V6C 3L2<BR>CANADA","DIRTY","","Y","","","","2022/08/25 09:46:46.0","E70E224D14547C65E0534893500A4724","srinibas@squareup.com","","","300001866371222","","","","","1","","A","","","","N","","1600-925 West Georgia Street/VANCOUVER BC  V6C 3L2/CANADA"
"1955 Broadway","Suite 600 ","","","Oakland","US","","94612","","CA","USER_ENTERED","","","","","","","","","POSTAL_ADDR_US","","","","","","","","","","","","","","","","","","","","","","","","","","","","","","","","","","","","","","","","","","","","","","","","","","","","","","","","","","","","sqfinance@squareup.com","XLE_CREATE_LE","2023/04/11 10:54:28.001","","","","2025/11/18","","","1955 Broadway,Suite 600,OAKLAND, CA 94612","1955 Broadway<BR>Suite 600<BR>OAKLAND, CA 94612","DIRTY","","Y","","","","2023/04/11 10:56:45.383","F9045B1AFFE41000E0534893500AECFB","sqfinance@squareup.com","","","300002098793074","","","","","1","","A","","","","N","","1955 Broadway/Suite 600/OAKLAND, CA 94612"
"54-56 Avenue Hoche","","","","Paris","FR","","75008","","","USER_ENTERED","","","","","","","","","POSTAL_ADDR_FR","","","","","","","","","","","","","","","","","","","","","","","","","","","","","","","","","","","","","","","","","","","","","","","","","","","","","","","","","","","","viyan@squareup.com","XLE_CREATE_LE","2023/07/19 11:21:20.001","","","","2025/11/18","","","54-56 Avenue Hoche,75008 PARIS,FRANCE","54-56 Avenue Hoche<BR>75008 PARIS<BR>FRANCE","DIRTY","","Y","","","","2023/07/19 11:22:17.742","00CCEA6AE8D16901E0634893500A9D95","viyan@squareup.com","","","300002162905987","","","","","1","","A","","","","N","","54-56 Avenue Hoche/75008 PARIS/FRANCE"
"c/o Tidal","P.O. Box 16285","","","Stockholm","SE","","103 25","","","USER_ENTERED","","","","","","","","","POSTAL_ADDR_SE","","","","","","","","","","","","","","","","","","","","","","","","","","","","","","","","","","","","","","","","","","","","","","","","","","","","","","","","","","","","viyan@squareup.com","XLE_CREATE_LE","2023/06/29 15:51:16.034","","","","2025/11/18","","","c/o Tidal,P.O. Box 16285,103 25 Stockholm,SWEDEN","c/o Tidal<BR>P.O. Box 16285<BR>103 25 Stockholm<BR>SWEDEN","DIRTY","","Y","","","","2023/06/29 15:52:37.494","FF44726A3FA02B01E0534893500A0E4D","viyan@squareup.com","","","300002154568196","","","","","1","","A","","","","N","","c/o Tidal/P.O. Box 16285/103 25 Stockholm/SWEDEN"
"8 Marina Boulevard #05-02","Marina Bay Financial Centre","","","Singapore","SG","","018981","","","USER_ENTERED","","","","","","","","","POSTAL_ADDR_SG","","","","","","","","","","","","","","","","","","","","","","","","","","","","","","","","","","","","","","","","","","","","","","","","","","","","","","","","","","","","srinibas@squareup.com","XLE_CREATE_LE","2024/04/01 19:09:44.0","","","","2025/11/18","","","8 Marina Boulevard #05-02 Marina Bay Financial Centre,Singapore,Singapore 018981","8 Marina Boulevard #05-02 Marina Bay Financial Centre<BR>Singapore<BR>Singapore 018981","DIRTY","","Y","","","","2024/04/01 19:11:07.973","150B99F717444DF1E0634893500A984E","srinibas@squareup.com","","","300002571855259","","","","","1","","A","","","","N","","8 Marina Boulevard #05-02 Marina Bay Financial Centre/Singapore/Singapore 018981"
"1209 Orange Street","","","","Wilmington","US","","19801","","DE","USER_ENTERED","","","","","","","","","POSTAL_ADDR_US","","","","","","","","","","","","","","","","","","","","","","","","","","","","","","","","","","","","","","","","","","","","","","","","","","","","","","","","","","","","sqfinance@squareup.com","XLE_CREATE_LE","2025/01/27 18:02:35.001","","","","2025/11/18","","","1209 Orange Street,WILMINGTON, DE 19801","1209 Orange Street<BR>WILMINGTON, DE 19801","DIRTY","","Y","","","","2025/02/19 13:59:30.0","2E7EDEA2BB0CB15EE0639696500A278E","sqfinance@squareup.com","","","300002967857189","","","","","1","","A","","","","N","","1209 Orange Street/WILMINGTON, DE 19801"
