"XLE_ENTITY_PROFILE.LegalEntityIdentifier","XLE_ETB_PROFILE.Name","RegisteredName","RegistrationNumber","SourceTable","Name","AlternateRegisteredName","Attribute1","Attribute10","Attribute11","Attribute12","Attribute13","Attribute14","Attribute15","Attribute16","Attribute17","Attribute18","Attribute19","Attribute2","Attribute20","Attribute3","Attribute4","Attribute5","Attribute6","Attribute7","Attribute8","Attribute9","AttributeCategory","EffectiveFrom","EffectiveTo","IdentifyingFlag","PlaceOfRegistration","RegInformation1","RegInformation10","RegInformation11","RegInformation12","RegInformation13","RegInformation14","RegInformation15","RegInformation16","RegInformation17","RegInformation18","RegInformation19","RegInformation2","RegInformation20","RegInformation3","RegInformation4","RegInformation5","RegInformation6","RegInformation7","RegInformation8","RegInformation9","RegInformationContext","FormattedAddress","PartyName","IssuingFormattedAddress"
"LE_302","Squareup (UK) Limited","Squareup (UK) Limited","09023549","XLE_ETB_PROFILES","United Kingdom Income Tax","","","","","","","","","","","","","","","","","","","","","","","","","Y","","","","","","","","","","","","","","","","","","","","","","","The Bloomsbury Building/10 Bloomsbury Way/LONDON/LDN/WC1A 2SL/UNITED KINGDOM","",""
"LE_112","Square Money Services, Inc","Square Money Services, Inc","84-2490241","XLE_ETB_PROFILES","United States Income Tax","","","","","","","","","","","","","","","","","","","","","","","","","Y","","","","","","","","","","","","","","","","","","","","","","","1455 Market Street/Suite #600/SAN FRANCISCO, CA 94103","",""
"LE_113","Verse Technologies, Inc.","Verse Technologies, Inc.","352526237","XLE_ETB_PROFILES","United States Income Tax","","","","","","","","","","","","","","","","","","","","","","","","","Y","","","","","","","","","","","","","","","","","","","","","","","119 West 24th Street/2nd Fl/NEW YORK, NY 10011","",""
"LE_319","Cash App Innovation (IE) Limited","Cash App Innovation (IE) Limited","681788","XLE_ETB_PROFILES","Ireland Income Tax","","","","","","","","","","","","","","","","","","","","","","","","","Y","","","","","","","","","","","","","","","","","","","","","","","Square/Fumbally Square/Fumbally Lane/Dublin  D08 XYA5/Dublin/IRELAND","",""
"LE_338","Clearpay S.A.U.","Clearpay S.A.U.","ESA85827335","XLE_ETB_PROFILES","Spain Income Tax","","","","","","","","","","","","","","","","","","","","","","","","","Y","","","","","","","","","","","","","","","","","","","","","","","28046 Madrid/Paseo de la Castellana/28002 PASEO DE LA CASTELLANA (MADRID/SPAIN","",""
"LE_339","Clearpay Technology S.L.","Clearpay Technology S.L.","Clearpay Tech (Spain): B879199","XLE_ETB_PROFILES","Spain Income Tax","","","","","","","","","","","","","","","","","","","","","","","","","Y","","","","","","","","","","","","","","","","","","","","","","","28046 Madrid/Paseo de la Castellana/28002 PASEO DE LA CASTELLANA (MADRID/SPAIN","",""
"LE_341","Pagantis, S.A. (French Branch)","Pagantis, S.A. (French Branch)","FR76 852537257","XLE_ETB_PROFILES","France Company Law","","","","","","","","","","","","","","","","","","","","","","","","","Y","","","","","","","","","","","","","","","","","","","","","","","64-66, rue des archives/75003 PARIS/FRANCE","",""
"LE_142","Afterpay US Receivables Warehouse-C LLC","Afterpay US Receivables Warehouse-C LLC","83-4497873","XLE_ETB_PROFILES","United States Income Tax","","","","","","","","","","","","","","","","","","","","","","","","","Y","","","","","","","","","","","","","","","","","","","","","","","RO: C/- Corporation Service Company/ 251 Little Falls Drive  Wilmington, DE 19808  PPB: Suite 15-001, 600 California Street, 11th floor  San Francisco, CA 94108""/SAN FRANCISCO, CA 94108","",""
"LE_144","Afterpay US Services, LLC","Afterpay US Services, LLC","84-1893634","XLE_ETB_PROFILES","United States Income Tax","","","","","","","","","","","","","","","","","","","","","","","","","Y","","","","","","","","","","","","","","","","","","","","","","","RO: C/- Corporation Service Company/ 251 Little Falls Drive  Wilmington, DE 19808  PPB: Suite 15-001, 600 California Street, 11th floor  San Francisco, CA 94108""/SAN FRANCISCO, CA 94108","",""
"LE_271","Lanai (AU) 1 Pty Ltd","Lanai (AU) 1 Pty Ltd","98-1627210","XLE_ETB_PROFILES","Australia Company Law","","","","","","","","","","","","","","","","","","","","","","","","","Y","","","","","","","","","","","","","","","","","","","","","","","Level 23, 2 Freshwater Place Melbourne VIC 3006/Australia  Relocating to (Effective Date 11/1/2021) 376-390 Collins St/Melbourne VIC 3000/AUSTRALIA","",""
"LE_273","Lanai (AU) 1 Pty Ltd.","Lanai (AU) 1 Pty Ltd.","98-1627210","XLE_ETB_PROFILES","Australia Company Law","","","","","","","","","","","","","","","","","","","","","","","","","Y","","","","","","","","","","","","","","","","","","","","","","","Level 23, 2 Freshwater Place Melbourne VIC 3006/Australia  Relocating to (Effective Date 11/1/2021) 376-390 Collins St/Melbourne VIC 3000/AUSTRALIA","",""
"LE_274","Lanai (AU) 2 Pty Ltd.","Lanai (AU) 2 Pty Ltd.","98-1627766","XLE_ETB_PROFILES","Australia Company Law","","","","","","","","","","","","","","","","","","","","","","","","","Y","","","","","","","","","","","","","","","","","","","","","","","Level 23, 2 Freshwater Place Melbourne VIC 3006/Australia  Relocating to (Effective Date 11/1/2021) 376-390 Collins St/Melbourne VIC 3000/AUSTRALIA","",""
"LE_154","Cash App Canada Payments ULC","Cash App Canada Payments ULC","719679904BC0001","XLE_ETB_PROFILES","Canada Federal Tax","","","","","","","","","","","","","","","","","","","","","","","","","Y","","","","","","","","","","","","","","","","","","","","","","","1600-925 West Georgia Street/VANCOUVER BC  V6C 3L2/CANADA","",""
"LE_328","Squareup International Limited, Establecimiento Permanente en España","Squareup International Limited, Establecimiento Permanente en España","123456789","XLE_ETB_PROFILES","Ireland Income Tax","","","","","","","","","","","","","","","","","","","","","","","","","Y","","","","","","","","","","","","","","","","","","","","","","","Square/Fumbally Square/Fumbally Lane/Dublin  D08 XYA5/Dublin/IRELAND","",""
"LE_329","Squareup International Limited, Succursale en France","Squareup International Limited, Succursale en France","95198371700012","XLE_ETB_PROFILES","France Company Law","","","","","","","","","","","","","","","","","","","","","","","","","Y","","","","","","","","","","","","","","","","","","","","","","","54-56 Avenue Hoche/75008 PARIS/FRANCE","",""
"LE_103","Square International Services Inc","Square International Services Inc","46-4256162","XLE_ETB_PROFILES","United States Income Tax","","","","","","","","","","","","","","","","","","","","","","","","","Y","","","","","","","","","","","","","","","","","","","","","","","1455 Market Street/Suite #600/SAN FRANCISCO, CA 94103","",""
"LE_109","Weebly LLC","Weebly LLC","83-0542037","XLE_ETB_PROFILES","United States Income Tax","","","","","","","","","","","","","","","","","","","","","","","","","Y","","","","","","","","","","","","","","","","","","","","","","","1455 Market Street/Suite #600/SAN FRANCISCO, CA 94103","",""
"LE_312","Squareup International Limited","Squareup International Limited","583287","XLE_ETB_PROFILES","Ireland Income Tax","","","","","","","","","","","","","","","","","","","","","","","","","Y","","","","","","","","","","","","","","","","","","","","","","","70 Sir John Rogerson's Quay/Dublin  D02 R296/Dublin/IRELAND","",""
"LE_152","Square Technologies, Inc","Square Technologies, Inc","83869 1137 RT0001","XLE_ETB_PROFILES","Canada Federal Tax","","","","","","","","","","","","","","","","","","","","","","","","","Y","","","","","","","","","","","","","","","","","","","","","","","100 King Street West Suite 6100/TORONTO ON  M2N 7E9/CANADA","",""
"LE_119","Project Rising, LLC","Project Rising, LLC","86-2882532","XLE_ETB_PROFILES","United States Income Tax","","","","","","","","","","","","","","","","","","","","","","","","","Y","","","","","","","","","","","","","","","","","","","","","","","1455 Market Street/Suite #600/SAN FRANCISCO, CA 94103","",""
"LE_120","Malibu Entertainment Inc.(US)","Malibu Entertainment Inc.(US)","47-3318861","XLE_ETB_PROFILES","United States Income Tax","","","","","","","","","","","","","","","","","","","","","","","","","Y","","","","","","","","","","","","","","","","","","","","","","","2711 Centerville Road,/Suite 400/WILMINGTON, DE 19808","",""
"LE_305","Project Panther Bidco Ltd","Project Panther Bidco Ltd","09368999","XLE_ETB_PROFILES","United Kingdom Income Tax","","","","","","","","","","","","","","","","","","","","","","","","","Y","","","","","","","","","","","","","","","","","","","","","","","The Broadgate Tower/Third Floor/20 Primrose Street/LONDON/LDN/EC2A 2RS/UNITED KINGDOM","",""
"LE_323","WiMP Music GmbH","WiMP Music GmbH","37/593/50102","XLE_ETB_PROFILES","Germany Income Tax","","","","","","","","","","","","","","","","","","","","","","","","","Y","","","","","","","","","","","","","","","","","","","","","","","Friedrichstrabe 68/10117 Berlin/GERMANY","",""
"LE_264","Afterpay Corporate Services Pty Ltd","Afterpay Corporate Services Pty Ltd","95106853383","XLE_ETB_PROFILES","Australia Company Law","","","","","","","","","","","","","","","","","","","","","","","","","Y","","","","","","","","","","","","","","","","","","","","","","","Queen & Collins Tower/Afterpay, Level 8/376 – 390 Collins Street/Melbourne VIC 3000/AUSTRALIA","",""
"LE_265","Touch Networks Pty Ltd","Touch Networks Pty Ltd","51091258650","XLE_ETB_PROFILES","Australia Company Law","","","","","","","","","","","","","","","","","","","","","","","","","Y","","","","","","","","","","","","","","","","","","","","","","","Queen & Collins Tower/Afterpay, Level 8/376 – 390 Collins Street/Melbourne VIC 3000/AUSTRALIA","",""
"LE_266","Afterpay China Holdings Pty Ltd","Afterpay China Holdings Pty Ltd","65637889741","XLE_ETB_PROFILES","Australia Company Law","","","","","","","","","","","","","","","","","","","","","","","","","Y","","","","","","","","","","","","","","","","","","","","","","","Queen & Collins Tower/Afterpay, Level 8/376 – 390 Collins Street/Melbourne VIC 3000/AUSTRALIA","",""
"LE_267","Afterpay Holdings Pty Ltd","Afterpay Holdings Pty Ltd","36606589520","XLE_ETB_PROFILES","Australia Company Law","","","","","","","","","","","","","","","","","","","","","","","","","Y","","","","","","","","","","","","","","","","","","","","","","","Queen & Collins Tower/Afterpay, Level 8/376 – 390 Collins Street/Melbourne VIC 3000/AUSTRALIA","",""
"LE_268","Afterpay Australia Pty Ltd","Afterpay Australia Pty Ltd","15169342947","XLE_ETB_PROFILES","Australia Company Law","","","","","","","","","","","","","","","","","","","","","","","","","Y","","","","","","","","","","","","","","","","","","","","","","","Queen & Collins Tower/Afterpay, Level 8/376 – 390 Collins Street/Melbourne VIC 3000/AUSTRALIA","",""
"LE_269","Afterpay Warehouse Trust","Afterpay Warehouse Trust","793727918","XLE_ETB_PROFILES","Australia Company Law","","","","","","","","","","","","","","","","","","","","","","","","","Y","","","","","","","","","","","","","","","","","","","","","","","Queen & Collins Tower/Afterpay, Level 8/376 – 390 Collins Street/Melbourne VIC 3000/AUSTRALIA","",""
"LE_270","Afterpay International Holdings Pty Ltd","Afterpay International Holdings Pty Ltd","60621103526","XLE_ETB_PROFILES","Australia Company Law","","","","","","","","","","","","","","","","","","","","","","","","","Y","","","","","","","","","","","","","","","","","","","","","","","Queen & Collins Tower/Afterpay, Level 8/376 – 390 Collins Street/Melbourne VIC 3000/AUSTRALIA","",""
"LE_146","Afterpay Receivables Warehouse-JPM LLC","Afterpay Receivables Warehouse-JPM LLC","87-1393888","XLE_ETB_PROFILES","United States Income Tax","","","","","","","","","","","","","","","","","","","","","","","","","Y","","","","","","","","","","","","","","","","","","","","","","","RO: C/- Corporation Service Company/ 251 Little Falls Drive  Wilmington, DE 19808  PPB: Suite 15-001, 600 California Street, 11th floor  San Francisco, CA 94108""/SAN FRANCISCO, CA 94108","",""
"LE_149","LWAC limited","LWAC limited","202201281","XLE_ETB_PROFILES","Bermuda Income Tax","","","","","","","","","","","","","","","","","","","","","","","","","Y","","","","","","","","","","","","","","","","","","","","","","","Canon’s Court/22 Victoria Street/HAMILTON PEMBROKE HM 12/BERMUDA","",""
"LE_329_DNU","Squareup International Limited, Succursale en France","Squareup International Limited, Succursale en France","95198371700012","XLE_ETB_PROFILES","France Company Law","","","","","","","","","","","","","","","","","","","","","","","","","Y","","","","","","","","","","","","","","","","","","","","","","","54-56 Avenue Hoche/75008 PARIS/FRANCE","",""
"LE_250","Square AU Pty Ltd","Square AU Pty Ltd","38 167 106 176","XLE_ETB_PROFILES","Australia Company Law","","","","","","","","","","","","","","","","","","","","","","","","","Y","","","","","","","","","","","","","","","","","","","","","","","Level 46/Tower One - International Towers/100 Barangaroo Avenue Barangaroo/Sydney NSW 2000/AUSTRALIA","",""
"LE_220","Square Trading (Shenzhen) Company Limited","Square Trading (Shenzhen) Company Limited","2253974","XLE_ETB_PROFILES","China Income Tax","","","","","","","","","","","","","","","","","","","","","","","","","Y","","","","","","","","","","","","","","","","","","","","","","","CHINA/518048  GUANGDONG/, Futian/14/F, 4001 Shennan Road, Futian District, Shenzhen,","",""
"LE_316","Snackskal AB","Snackskal AB","559134-5706","XLE_ETB_PROFILES","Sweden Company Law","","","","","","","","","","","","","","","","","","","","","","","","","Y","","","","","","","","","","","","","","","","","","","","","","","Advokatfirma DLA Piper/Sweden KB,/Kungsgatan/103 90 Stockholm/SWEDEN","",""
"LE_202","Squareup Pte. Ltd","Squareup Pte. Ltd","201231353C","XLE_ETB_PROFILES","Singapore Commerce Law","","","","","","","","","","","","","","","","","","","","","","","","","Y","","","","","","","","","","","","","","","","","","","","","","","8 Marina Blvd,, #05-02,, Marina Bay Financial Centre,/Singapore/Singapore 018981","",""
"LE_211","Square Holdings K.K.","Square Holdings K.K.","211","XLE_ETB_PROFILES","Japan Income Tax","","","","","","","","","","","","","","","","","","","","","","","","","Y","","","","","","","","","","","","","","","","","","","","","","","JAPAN/106-0032/Tokyo/Kita-Aoyama/Minato-Ku","",""
"LE_311","Block Global B.V.","Block Global B.V.","64624439","XLE_ETB_PROFILES","Netherlands Commerce Law","","","","","","","","","","","","","","","","","","","","","","","","","Y","","","","","","","","","","","","","","","","","","","","","","","WTC/Tower A, 4th Floor/1077 XX AMSTERDAM/NETHERLANDS","",""
"FR315","Squareup (France) SAS","Squareup (France) SAS","829443803","XLE_ETB_PROFILES","France Company Law","","","","","","","","","","","","","","","","","","","","","","","","","Y","","","","","","","","","","","","","","","","","","","","","","","4 RUE DE MARIVAUX/75002 PARIS/FRANCE","",""
"317_LE","Squareup GmbH","Squareup GmbH","37/247/22992","XLE_ETB_PROFILES","Germany Income Tax","","","","","","","","","","","","","","","","","","","","","","","","","Y","","","","","","","","","","","","","","","","","","","","","","","Geschaftsanschrift/Neue Schonhauser/Strasse 2/10178 Berlin/GERMANY","",""
"LE_117","Huinaha Reinsurance Inc.","Huinaha Reinsurance Inc.","85-2986563","XLE_ETB_PROFILES","United States Income Tax","","","","","","","","","","","","","","","","","","","","","","","","","Y","","","","","","","","","","","","","","","","","","","","","","","HUINAHA REINSURANCE INC/201 MERCHANT ST,STE 2400/HONOLULU, HI 96813","",""
"LE_116","Cash App Taxes, Inc.","Cash App Taxes, Inc.","DMY12345678","XLE_ETB_PROFILES","United States Income Tax","","","","","","","","","","","","","","","","","","","","","","","","","Y","","","","","","","","","","","","","","","","","","","","","","","1455 Market Street/Suite #600/SAN FRANCISCO, CA 94103","",""
"LE_318","Square Capel (IE) Limited","Square Capel (IE) Limited","678542","XLE_ETB_PROFILES","Ireland Income Tax","","","","","","","","","","","","","","","","","","","","","","","","","Y","","","","","","","","","","","","","","","","","","","","","","","Square/Fumbally Square/Fumbally Lane/Dublin  D08 XYA5/Dublin/IRELAND","",""
"LE_131","Square Financial Services Inc.","Square Financial Services Inc.","85-0699307","XLE_ETB_PROFILES","United States Income Tax","","","","","","","","","","","","","","","","","","","","","","","","","Y","","","","","","","","","","","","","","","","","","","","","","","3165 E. Millrock Drive/Suite 160/SALT LAKE CITY, UT 84121","",""
"LE_322","Tidal sp. z o.o.","Tidal sp. z o.o.","5252540201","XLE_ETB_PROFILES","Poland Commerce Law","","","","","","","","","","","","","","","","","","","","","","","","","Y","","","","","","","","","","","","","","","","","","","","","",""," c/o Mindspace/ul. Koszykowa 61, Office #147/00-667 Warsaw/POLAND","",""
"LE_324","Tidal US AB","Tidal US AB","556979-4489","XLE_ETB_PROFILES","Sweden Company Law","","","","","","","","","","","","","","","","","","","","","","","","","Y","","","","","","","","","","","","","","","","","","","","","","","c/o Tidal/540 W 26th Street/8th Floor/10325 Stockholm/SWEDEN","",""
"LE_212","Tidal K.K.","Tidal K.K.","0104-01-160924","XLE_ETB_PROFILES","Japan Income Tax","","","","","","","","","","","","","","","","","","","","","","","","","Y","","","","","","","","","","","","","","","","","","","","","","","JAPAN/106-0032/Tokyo/Kita-Aoyama/Minato-Ku","",""
"LE_261","Afterpay Limited","Afterpay Limited","30618280649","XLE_ETB_PROFILES","Australia Company Law","","","","","","","","","","","","","","","","","","","","","","","","","Y","","","","","","","","","","","","","","","","","","","","","","","Queen & Collins Tower/Afterpay, Level 8/376 – 390 Collins Street/Melbourne VIC 3000/AUSTRALIA","",""
"LE_262","Touch Holdings Pty Ltd","Touch Holdings Pty Ltd","94109766592","XLE_ETB_PROFILES","Australia Company Law","","","","","","","","","","","","","","","","","","","","","","","","","Y","","","","","","","","","","","","","","","","","","","","","","","Queen & Collins Tower/Afterpay, Level 8/376 – 390 Collins Street/Melbourne VIC 3000/AUSTRALIA","",""
"LE_204","Setelah Bayar Pte. Ltd.","Setelah Bayar Pte. Ltd.","2018-06163-N","XLE_ETB_PROFILES","Singapore Commerce Law","","","","","","","","","","","","","","","","","","","","","","","","","Y","","","","","","","","","","","","","","","","","","","","","","","80 Robinson Road #20-00/Singapore/Singapore 068898","",""
"LE_205","PT Empat Kali Indonesia","PT Empat Kali Indonesia","85.703.874.9-013.000","XLE_ETB_PROFILES","Indonesia Income Tax","","","","","","","","","","","","","","","","","","","","","","","","","Y","","","","","","","","","","","","","","","","","","","","","","","Recapital Building, Jl. Aditiyawarman/No.55, RT.3/RW.2, Melawai, Kec. Kby./Baru, Kota Jakarta Selatan, Daerah Khusus Ibukota/JAKARTA JK 12160/INDONESIA","",""
"LE_221","Afterpay Information Technology Service (Shanghai) Co., Ltd.","Afterpay Information Technology Service (Shanghai) Co., Ltd.","91310115MA1K4J2N19","XLE_ETB_PROFILES","China Income Tax","","","","","","","","","","","","","","","","","","","","","","","","","Y","","","","","","","","","","","","","","","","","","","","","","","CHINA/SHANGHAI/, Pudong/No. 88, Century Avenue/, Unit 1506B,  Jin Mao Tower Office Building","",""
"LE_231","Afterpay NZ Limited","Afterpay NZ Limited","123-560-906","XLE_ETB_PROFILES","New Zealand Income Tax","","","","","","","","","","","","","","","","","","","","","","","","","Y","","","","","","","","","","","","","","","","","","","","","","","TMF Group, Level 11/ 41 Shortland Street/ Auckland Central 1010 PPB: QB Studios, Studio 4, 206 Jervois Rd, Herne Bay/Auckland 1011/NEW ZEALAND","",""
"LE_331","Clearpay (International) Finance Holding Limited","Clearpay (International) Finance Holding Limited","4386018501","XLE_ETB_PROFILES","United Kingdom Income Tax","","","","","","","","","","","","","","","","","","","","","","","","","Y","","","","","","","","","","","","","","","","","","","","","","","22 Long Acre/LONDON/LDN/WC2E 9LY/UNITED KINGDOM","",""
"LE_332","Clearpay (UK) Finance Services Limited","Clearpay (UK) Finance Services Limited","2766820270","XLE_ETB_PROFILES","United Kingdom Income Tax","","","","","","","","","","","","","","","","","","","","","","","","","Y","","","","","","","","","","","","","","","","","","","","","","","22 Long Acre/LONDON/LDN/WC2E 9LY/UNITED KINGDOM","",""
"LE_333","Clearpay (International) Limited ","Clearpay (International) Limited ","2504100016","XLE_ETB_PROFILES","United Kingdom Income Tax","","","","","","","","","","","","","","","","","","","","","","","","","Y","","","","","","","","","","","","","","","","","","","","","","","22 Long Acre/LONDON/LDN/WC2E 9LY/UNITED KINGDOM","",""
"LE_335","Clearpay Finance Limited","Clearpay Finance Limited","346530504","XLE_ETB_PROFILES","United Kingdom Income Tax","","","","","","","","","","","","","","","","","","","","","","","","","Y","","","","","","","","","","","","","","","","","","","","","","","22 Long Acre/LONDON/LDN/WC2E 9LY/UNITED KINGDOM","",""
"LE_336","Clearpay Receivables Warehouse 2020-1 Limited","Clearpay Receivables Warehouse 2020-1 Limited","2097412036","XLE_ETB_PROFILES","United Kingdom Income Tax","","","","","","","","","","","","","","","","","","","","","","","","","Y","","","","","","","","","","","","","","","","","","","","","","","1 Bartholomew Lane/LONDON/LDN/EC2N 2AZ/UNITED KINGDOM","",""
"LE_337","Clearpay Receivables Warehouse 2020-2 Limited","Clearpay Receivables Warehouse 2020-2 Limited","4668826981","XLE_ETB_PROFILES","United Kingdom Income Tax","","","","","","","","","","","","","","","","","","","","","","","","","Y","","","","","","","","","","","","","","","","","","","","","","","1 Bartholomew Lane/LONDON/LDN/EC2N 2AZ/UNITED KINGDOM","",""
"LE_340","Pagantis, S.A. (Italian Branch)","Pagantis, S.A. (Italian Branch)","IT10656950960","XLE_ETB_PROFILES","Italy Income Tax","","","","","","","","","","","","","","","","","","","","","","","","","Y","","","","","","","","","","","","","","","","","","","","","","","Via Pietro Paleocapa 7/20121 MILAN MILANO/ITALY","",""
"LE_143","Afterpay US Receivables Warehouse-GS LLC","Afterpay US Receivables Warehouse-GS LLC","84-4014694","XLE_ETB_PROFILES","United States Income Tax","","","","","","","","","","","","","","","","","","","","","","","","","Y","","","","","","","","","","","","","","","","","","","","","","","RO: C/- Corporation Service Company/ 251 Little Falls Drive  Wilmington, DE 19808  PPB: Suite 15-001, 600 California Street, 11th floor  San Francisco, CA 94108""/SAN FRANCISCO, CA 94108","",""
"LE_001","Square Inc.","Square Inc.","80-0429876","XLE_ETB_PROFILES","United States Income Tax","","","","","","","","","","","","","","","","","","","","","","","","","Y","","","","","","","","","","","","","","","","","","","","","","","1455 Market Street/Suite #600/SAN FRANCISCO, CA 94103","",""
"LE_108","Square Capital LLC","Square Capital LLC","81-1633589","XLE_ETB_PROFILES","United States Income Tax","","","","","","","","","","","","","","","","","","","","","","","","","Y","","","","","","","","","","","","","","","","","","","","","","","1455 Market Street/Suite #600/SAN FRANCISCO, CA 94103","",""
"LE_151","Square Canada Inc.","Square Canada Inc.","46-1178731","XLE_ETB_PROFILES","Canada Federal Tax","","","","","","","","","","","","","","","","","","","","","","","","","Y","","","","","","","","","","","","","","","","","","","","","","","155 Wellington St West/TORONTO ON  M2N 7E9/CANADA","",""
"LE_301","Squareup Europe Limited (UK)","Squareup Europe Limited (UK)","08957689","XLE_ETB_PROFILES","United Kingdom Income Tax","","","","","","","","","","","","","","","","","","","","","","","","","Y","","","","","","","","","","","","","","","","","","","","","","","The Bloomsbury Building/10 Bloomsbury Way/LONDON/LDN/WC1A 2SL/UNITED KINGDOM","",""
"LE_0006","Square K.K.","Square K.K.","29115","XLE_ETB_PROFILES","Japan Income Tax","","","","","","","","","","","","","","","","","","","","","","","","","Y","","","","","","","","","","","","","","","","","","","","","","","JAPAN/106-0032/Tokyo/Kita-Aoyama/Minato-Ku","",""
"LE_303","Squareup International Services Ltd.","Squareup International Services Ltd.","LE_303","XLE_ETB_PROFILES","United Kingdom Income Tax","","","","","","","","","","","","","","","","","","","","","","","","","Y","","","","","","","","","","","","","","","","","","","","","","","6th Foor/One London Wall/LONDON/LDN/EC2Y 5EB/UNITED KINGDOM","",""
"LE_215","Global Risk Engagement B.V. (TWN)","Global Risk Engagement B.V. (TWN)","031403988","XLE_ETB_PROFILES","Taiwan Income Tax","","","","","","","","","","","","","","","","","","","","","","","","","Y","","","","","","","","","","","","","","","","","","","","","","","29F, No. 68, Section 5/Zhongxiao East Road/Xinyi District/TAIPEI 11065/TAIWAN","",""
"LE_118","Vandutch Acquisition Corp. (DE)","Vandutch Acquisition Corp. (DE)","86-2739016","XLE_ETB_PROFILES","United States Income Tax","","","","","","","","","","","","","","","","","","","","","","","","","Y","","","","","","","","","","","","","","","","","","","","","","","1455 Market Street/Suite #600/SAN FRANCISCO, CA 94103","",""
"LE_321","Tidal Music AS","Tidal Music AS","993741345","XLE_ETB_PROFILES","Norway Company Law","","","","","","","","","","","","","","","","","","","","","","","","","Y","","","","","","","","","","","","","","","","","","","","","","","Lakkegata 53/N-0187 Oslo","",""
"LE_320","Aspiro AB","Aspiro AB","98-0444493","XLE_ETB_PROFILES","Sweden Company Law","","","","","","","","","","","","","","","","","","","","","","","","","Y","","","","","","","","","","","","","","","","","","","","","","","c/o Tidal/540 W 26th Street/8th Floor/10325 Stockholm/SWEDEN","",""
"LE_503","Tidal Serviços de Entretenimento Ltda","Tidal Serviços de Entretenimento Ltda","29.187.733/0001-69","XLE_ETB_PROFILES","Brazil Federal Tax","","","","","","","","","","","","","","","","","","","","","","","","","Y","","","","","","","","","","","","","","","","","","","","","","","Av. Paulista, No. 807/Room 522, Bela Vista,/São Paulo-STATE OF SÃO PAULO/01311-915/BRAZIL","",""
"LE_263","Touch Australia Pty Ltd","Touch Australia Pty Ltd","13166091587","XLE_ETB_PROFILES","Australia Company Law","","","","","","","","","","","","","","","","","","","","","","","","","Y","","","","","","","","","","","","","","","","","","","","","","","Queen & Collins Tower/Afterpay, Level 8/376 – 390 Collins Street/Melbourne VIC 3000/AUSTRALIA","",""
"LE_141","Afterpay US, Inc.","Afterpay US, Inc.","30-1008301","XLE_ETB_PROFILES","United States Income Tax","","","","","","","","","","","","","","","","","","","","","","","","","Y","","","","","","","","","","","","","","","","","","","","","","","RO: C/- Corporation Service Company/ 251 Little Falls Drive  Wilmington, DE 19808  PPB: Suite 15-001, 600 California Street, 11th floor  San Francisco, CA 94108""/SAN FRANCISCO, CA 94108","",""
"LE_153","Afterpay Canada Limited","Afterpay Canada Limited","BN - BC1246445","XLE_ETB_PROFILES","Canada Federal Tax","","","","","","","","","","","","","","","","","","","","","","","","","Y","","","","","","","","","","","","","","","","","","","","","","","Suite 2600, Three Bentall Centre  595 Burrard Street,/Vancouver BC V7X 1L3/VANCOUVER BC  V6E 4E5/CANADA","",""
"LE_272","Lanai (AU) 2 Pty Ltd","Lanai (AU) 2 Pty Ltd","98-1627766 ","XLE_ETB_PROFILES","Australia Company Law","","","","","","","","","","","","","","","","","","","","","","","","","Y","","","","","","","","","","","","","","","","","","","","","","","Level 23, 2 Freshwater Place Melbourne VIC 3006/Australia  Relocating to (Effective Date 11/1/2021) 376-390 Collins St/Melbourne VIC 3000/AUSTRALIA","",""
"LE_327","GoParrot SRL","GoParrot SRL","1018600028918","XLE_ETB_PROFILES","Moldova Income Tax","","","","","","","","","","","","","","","","","","","","","","","","","Y","","","","","","","","","","","","","","","","","","","","","","","MD-2045, str. Studentilor/9/11, mun/Republica Moldova/CHISINAU CHISINAU MD-2045/MOLDOVA","",""
"LE_125","C Equals LN, LLC","C Equals LN, LLC","7165985","XLE_ETB_PROFILES","United States Income Tax","","","","","","","","","","","","","","","","","","","","","","","","","Y","","","","","","","","","","","","","","","","","","","","","","","1955 Broadway/Suite 600/OAKLAND, CA 94612","",""
"LE_161","Block XYZ Technology LLC","Block XYZ Technology LLC","98-1770385","XLE_ETB_PROFILES","Singapore Commerce Law","","","","","","","","","","","","","","","","","","","","","","","","","Y","","","","","","","","","","","","","","","","","","","","","","","8 Marina Blvd,, #05-02,, Marina Bay Financial Centre,/Singapore/Singapore 018981","",""
"LE_343","Treasury (IE) Ltd","Treasury (IE) Ltd","761727","XLE_ETB_PROFILES","Ireland Income Tax","","","","","","","","","","","","","","","","","","","","","","","","","Y","","","","","","","","","","","","","","","","","","","","","","","Square/Fumbally Square/Fumbally Lane/Dublin  D08 XYA5/Dublin/IRELAND","",""
"LE_162","Block XYZ International Holdings Inc","Block XYZ International Holdings Inc","10018793","XLE_ETB_PROFILES","United States Income Tax","","","","","","","","","","","","","","","","","","","","","","","","","Y","","","","","","","","","","","","","","","","","","","","","","","1955 Broadway/Suite 600/OAKLAND, CA 94612","",""
"LE_344","Block XYZ Limited (Greece), Foreign Branch","Block XYZ Limited (Greece), Foreign Branch","115642739","XLE_ETB_PROFILES","Greece Commerce Law","","","","","","","","","","","","","","","","","","","","","","","","","Y","","","","","","","","","","","","","","","","","","","","","","","238 Kifisias Avenue/Chalandri/ATHENS 15231/GREECE","",""
"LE_105","Square Payroll Inc.","Square Payroll Inc.","46-5614445","XLE_ETB_PROFILES","United States Income Tax","","","","","","","","","","","","","","","","","","","","","","","","","Y","","","","","","","","","","","","","","","","","","","","","","","1455 Market Street/Suite #600/SAN FRANCISCO, CA 94103","",""
"LE_313","Decentralized Global Payments, SL","Decentralized Global Payments, SL","B66570490","XLE_ETB_PROFILES","Spain Income Tax","","","","","","","","","","","","","","","","","","","","","","","","","Y","","","","","","","","","","","","","","","","","","","","","","","Plaza de Catalunya/21 Third Floor/08002 BARCELONA(BARCELONA/SPAIN","",""
"LE_314","Verse Payments Lithuania, UAB","Verse Payments Lithuania, UAB","304932396","XLE_ETB_PROFILES","Lithuania Income Tax","","","","","","","","","","","","","","","","","","","","","","","","","Y","","","","","","","","","","","","","","","","","","","","","","","Lvovo g. 105A/2 aukštas/VILNIUS VILNIUS LT-08104/LITHUANIA","",""
"LE_114","Cash App Investing LLC","Cash App Investing LLC","61-1798347","XLE_ETB_PROFILES","United States Income Tax","","","","","","","","","","","","","","","","","","","","","","","","","Y","","","","","","","","","","","","","","","","","","","","","","","920 SW 6th Avenue/Ste. 1200/PORTLAND, OR 97204","",""
"LE_115","Stitch Labs, Inc.","Stitch Labs, Inc.","80-0730756","XLE_ETB_PROFILES","United States Income Tax","","","","","","","","","","","","","","","","","","","","","","","","","Y","","","","","","","","","","","","","","","","","","","","","","","1455 Market Street/Suite #600/SAN FRANCISCO, CA 94103","",""
"LE_304","Cash App Innovation (UK) Ltd.","Cash App Innovation (UK) Ltd.","12924641","XLE_ETB_PROFILES","United Kingdom Income Tax","","","","","","","","","","","","","","","","","","","","","","","","","Y","","","","","","","","","","","","","","","","","","","","","","","Square/4th Floor/101 New Cavendish Street/LONDON/LDN/W1W 6XH/UNITED KINGDOM","",""
"LE_121","Project Panther US LLC (US)","Project Panther US LLC (US)","NOTIN1","XLE_ETB_PROFILES","United States Income Tax","","","","","","","","","","","","","","","","","","","","","","","","","Y","","","","","","","","","","","","","","","","","","","","","","","1955 Broadway/Suite 600/OAKLAND, CA 94612","",""
"LE_501","Project Panther Ltd.","Project Panther Ltd.","98-1222694","XLE_ETB_PROFILES","Cayman Islands Income Tax","","","","","","","","","","","","","","","","","","","","","","","","","Y","","","","","","","","","","","","","","","","","","","","","","","C/- Maples Corporate Services Limited/PO Box 309/Ugland House/GRAND CAYMAN GRAND CAYMAN KY1-1104/CAYMAN ISLANDS","",""
"LE_325","Tidal Music - Spain, SL","Tidal Music - Spain, SL","325","XLE_ETB_PROFILES","Spain Income Tax","","","","","","","","","","","","","","","","","","","","","","","","","Y","","","","","","","","","","","","","","","","","","","","","","","Plaça de Catalunya, number 21/Local, 3rd floor/08002 BARCELONA(BARCELONA/SPAIN","",""
"LE_145","Touchcorp Limited ","Touchcorp Limited ","48280","XLE_ETB_PROFILES","Bermuda Income Tax","","","","","","","","","","","","","","","","","","","","","","","","","Y","","","","","","","","","","","","","","","","","","","","","","","34 Bermudiana Road/HAMILTON PEMBROKE HM 11/BERMUDA","",""
"LE_203","Afterpay Asia Pte. Ltd.","Afterpay Asia Pte. Ltd.","201531869D","XLE_ETB_PROFILES","Singapore Commerce Law","","","","","","","","","","","","","","","","","","","","","","","","","Y","","","","","","","","","","","","","","","","","","","","","","","80 Robinson Road #20-00/Singapore/Singapore 068898","",""
"LE_232","Afterpay NZ Warehouse Trust","Afterpay NZ Warehouse Trust","Series - 2019 - 1","XLE_ETB_PROFILES","New Zealand Income Tax","","","","","","","","","","","","","","","","","","","","","","","","","Y","","","","","","","","","","","","","","","","","","","","","","","TMF Group, Level 11/ 41 Shortland Street/ Auckland Central 1010 PPB: QB Studios, Studio 4, 206 Jervois Rd, Herne Bay/Auckland 1011/NEW ZEALAND","",""
"LE_334","Clearpay (Europe) Limited","Clearpay (Europe) Limited","2864316982","XLE_ETB_PROFILES","United Kingdom Income Tax","","","","","","","","","","","","","","","","","","","","","","","","","Y","","","","","","","","","","","","","","","","","","","","","","","22 Long Acre/LONDON/LDN/WC2E 9LY/UNITED KINGDOM","",""
"LE_147","Lanai (US) 1, LLC","Lanai (US) 1, LLC","87-2853102","XLE_ETB_PROFILES","United States Income Tax","","","","","","","","","","","","","","","","","","","","","","","","","Y","","","","","","","","","","","","","","","","","","","","","","","760 Market St/SAN FRANCISCO, CA 94102","",""
"LE_148","Lanai (US) 2, LLC","Lanai (US) 2, LLC","87-2875280","XLE_ETB_PROFILES","United States Income Tax","","","","","","","","","","","","","","","","","","","","","","","","","Y","","","","","","","","","","","","","","","","","","","","","","","760 Market St/SAN FRANCISCO, CA 94102","",""
"LE_504","Block of Mexico, SA","Block of Mexico, SA","123","XLE_ETB_PROFILES","Mexico Federal Tax","","","","","","","","","","","","","","","","","","","","","","","","","Y","","","","","","","","","","","","","","","","","","","","","","","Ave La Reforma 404/03650  MONTERREY, NUEVO LEON/MEXICO","",""
"LE_326","Block XYZ Limited","Block XYZ Limited","123","XLE_ETB_PROFILES","Ireland Income Tax","","","","","","","","","","","","","","","","","","","","","","","","","Y","","","","","","","","","","","","","","","","","","","","","","","70 Sir John Rogerson's Quay/Dublin  D02 R296/Dublin/IRELAND","",""
"LE_233","Cash Holdings Australia Pty Ltd","Cash Holdings Australia Pty Ltd","123456789","XLE_ETB_PROFILES","Australia Company Law","","","","","","","","","","","","","","","","","","","","","","","","","Y","","","","","","","","","","","","","","","","","","","","","","","Queen & Collins Tower/Level 8/ 376 - 390 Collins Street/Melbourne VIC 3000/AUSTRALIA","",""
"LE_234","Cash App Australia Pty Ltd","Cash App Australia Pty Ltd","123456789","XLE_ETB_PROFILES","Australia Company Law","","","","","","","","","","","","","","","","","","","","","","","","","Y","","","","","","","","","","","","","","","","","","","","","","","Queen & Collins Tower/Level 8/ 376 - 390 Collins Street/Melbourne VIC 3000/AUSTRALIA","",""
"LE_163","Proto Global, LLC","Proto Global, LLC","33-2733014","XLE_ETB_PROFILES","United States Income Tax","","","","","","","","","","","","","","","","","","","","","","","","","Y","","","","","","","","","","","","","","","","","","","","","","","1209 Orange Street/WILMINGTON, DE 19801","",""
