"XLE_ENTITY_PROFILE.LegalEntityIdentifier","RegisteredName","RegistrationNumber","SourceTable","Name","AlternateRegisteredName","Attribute1","Attribute10","Attribute11","Attribute12","Attribute13","Attribute14","Attribute15","Attribute16","Attribute17","Attribute18","Attribute19","Attribute2","Attribute20","Attribute3","Attribute4","Attribute5","Attribute6","Attribute7","Attribute8","Attribute9","AttributeCategory","EffectiveFrom","EffectiveTo","IdentifyingFlag","PlaceOfRegistration","RegInformation1","RegInformation10","RegInformation11","RegInformation12","RegInformation13","RegInformation14","RegInformation15","RegInformation16","RegInformation17","RegInformation18","RegInformation19","RegInformation2","RegInformation20","RegInformation3","RegInformation4","RegInformation5","RegInformation6","RegInformation7","RegInformation8","RegInformation9","RegInformationContext","FormattedAddress","PartyName","IssuingFormattedAddress"
"LE_302","Squareup (UK) Limited","09023549","XLE_ENTITY_PROFILES","United Kingdom Income Tax","","","","","","","","","","","","","","","","","","","","","","","","","Y","","","","","","","","","","","","","","","","","","","","","","","The Bloomsbury Building/10 Bloomsbury Way/LONDON/LDN/WC1A 2SL/UNITED KINGDOM","",""
"LE_112","Square Money Services, Inc","84-2490241","XLE_ENTITY_PROFILES","United States Income Tax","","","","","","","","","","","","","","","","","","","","","","","","","Y","","","","","","","","","","","","","","","","","","","","","","","1455 Market Street/Suite #600/SAN FRANCISCO, CA 94103","",""
"LE_113","Verse Payments Lithuania, UAB","304932396","XLE_ENTITY_PROFILES","Lithuania Income Tax","","","","","","","","","","","","","","","","","","","","","","","","","N","","","","","","","","","","","","","","","","","","","","","","","Lvovo g. 105A/2 aukštas/VILNIUS VILNIUS LT-08104/LITHUANIA","",""
"LE_113","Verse Technologies, Inc.","35-2526237","XLE_ENTITY_PROFILES","United States Income Tax","","","","","","","","","","","","","","","","","","","","","","","","","Y","","","","","","","","","","","","","","","","","","","","","","","119 West 24th Street/2nd Fl/NEW YORK, NY 10011","",""
"LE_319","Cash App Innovation (IE) Limited","681788","XLE_ENTITY_PROFILES","Ireland Income Tax","","","","","","","","","","","","","","","","","","","","","","","","","Y","","","","","","","","","","","","","","","","","","","","","","","Square/Fumbally Square/Fumbally Lane/Dublin  D08 XYA5/Dublin/IRELAND","",""
"LE_338","Clearpay S.A.U.","ESA85827335","XLE_ENTITY_PROFILES","Spain Income Tax","","","","","","","","","","","","","","","","","","","","","","","","","Y","","","","","","","","","","","","","","","","","","","","","","","28046 Madrid/Paseo de la Castellana/28002 PASEO DE LA CASTELLANA (MADRID/SPAIN","",""
"LE_339","Clearpay Technology S.L.","ESB87919999","XLE_ENTITY_PROFILES","Spain Income Tax","","","","","","","","","","","","","","","","","","","","","","","","","Y","","","","","","","","","","","","","","","","","","","","","","","28046 Madrid/Paseo de la Castellana/28002 PASEO DE LA CASTELLANA (MADRID/SPAIN","",""
"LE_341","Pagantis, S.A. (French Branch)","FR76 852537257","XLE_ENTITY_PROFILES","France Company Law","","","","","","","","","","","","","","","","","","","","","","","","","Y","","","","","","","","","","","","","","","","","","","","","","","64-66, rue des archives/75003 PARIS/FRANCE","",""
"LE_142","Afterpay US Receivables Warehouse-C LLC","83-4497873","XLE_ENTITY_PROFILES","United States Income Tax","","","","","","","","","","","","","","","","","","","","","","","","","Y","","","","","","","","","","","","","","","","","","","","","","","RO: C/- Corporation Service Company/ 251 Little Falls Drive  Wilmington, DE 19808  PPB: Suite 15-001, 600 California Street, 11th floor  San Francisco, CA 94108""/SAN FRANCISCO, CA 94108","",""
"LE_144","Afterpay US Services, LLC","84-1893634","XLE_ENTITY_PROFILES","United States Income Tax","","","","","","","","","","","","","","","","","","","","","","","","","Y","","","","","","","","","","","","","","","","","","","","","","","RO: C/- Corporation Service Company/ 251 Little Falls Drive  Wilmington, DE 19808  PPB: Suite 15-001, 600 California Street, 11th floor  San Francisco, CA 94108""/SAN FRANCISCO, CA 94108","",""
"LE_271","Lanai (AU) 1 Pty Ltd","652 351 909","XLE_ENTITY_PROFILES","Australia Company Law","","","","","","","","","","","","","","","","","","","","","","","","","Y","","","","","","","","","","","","","","","","","","","","","","","Level 23, 2 Freshwater Place Melbourne VIC 3006/Australia  Relocating to (Effective Date 11/1/2021) 376-390 Collins St/Melbourne VIC 3000/AUSTRALIA","",""
"LE_273","Lanai (AU) 1 Pty Ltd.","ACN 652 351 909","XLE_ENTITY_PROFILES","Australia Company Law","","","","","","","","","","","","","","","","","","","","","","","","","Y","","","","","","","","","","","","","","","","","","","","","","","Level 23, 2 Freshwater Place Melbourne VIC 3006/Australia  Relocating to (Effective Date 11/1/2021) 376-390 Collins St/Melbourne VIC 3000/AUSTRALIA","",""
"LE_274","Lanai (AU) 2 Pty Ltd.","ACN 652 352 451","XLE_ENTITY_PROFILES","Australia Company Law","","","","","","","","","","","","","","","","","","","","","","","","","Y","","","","","","","","","","","","","","","","","","","","","","","Level 23, 2 Freshwater Place Melbourne VIC 3006/Australia  Relocating to (Effective Date 11/1/2021) 376-390 Collins St/Melbourne VIC 3000/AUSTRALIA","",""
"LE_154","Cash App Canada Payments ULC","71967 9904 BC0001","XLE_ENTITY_PROFILES","Canada Federal Tax","","","","","","","","","","","","","","","","","","","","","","","","","Y","","","","","","","","","","","","","","","","","","","","","","","1600-925 West Georgia Street/VANCOUVER BC  V6C 3L2/CANADA","",""
"LE_328","Squareup International Limited, Establecimiento Permanente en España","3426675NH","XLE_ENTITY_PROFILES","Ireland Income Tax","","","","","","","","","","","","","","","","","","","","","","","","","Y","","","","","","","","","","","","","","","","","","","","","","","Square/Fumbally Square/Fumbally Lane/Dublin  D08 XYA5/Dublin/IRELAND","",""
"LE_329","Squareup International Limited, Succursale en France","FR48 951983717","XLE_ENTITY_PROFILES","France Company Law","","","","","","","","","","","","","","","","","","","","","","","","","Y","","","","","","","","","","","","","","","","","","","","","","","54-56 Avenue Hoche/75008 PARIS/FRANCE","",""
"LE_103","Square International Services Inc","46-4256162","XLE_ENTITY_PROFILES","United States Income Tax","","","","","","","","","","","","","","","","","","","","","","","","","Y","","","","","","","","","","","","","","","","","","","","","","","1455 Market Street/Suite #600/SAN FRANCISCO, CA 94103","",""
"LE_109","Weebly LLC","83-0542037","XLE_ENTITY_PROFILES","United States Income Tax","","","","","","","","","","","","","","","","","","","","","","","","","Y","","","","","","","","","","","","","","","","","","","","","","","1455 Market Street/Suite #600/SAN FRANCISCO, CA 94103","",""
"LE_312","Squareup International Limited","NL 826473520B01","XLE_ENTITY_PROFILES","Ireland Income Tax","","","","","","","","","","","","","","","","","","","","","","","","","Y","","","","","","","","","","","","","","","","","","","","","","","70 Sir John Rogerson's Quay/Dublin  D02 R296/Dublin/IRELAND","",""
"LE_152","Square Technologies, Inc","83869 1137 RT0001","XLE_ENTITY_PROFILES","Canada Federal Tax","","","","","","","","","","","","","","","","","","","","","","","","","Y","","","","","","","","","","","","","","","","","","","","","","","100 King Street West Suite 6100/TORONTO ON  M2N 7E9/CANADA","",""
"LE_119","Project Rising, LLC","86-2882532","XLE_ENTITY_PROFILES","United States Income Tax","","","","","","","","","","","","","","","","","","","","","","","","","Y","","","","","","","","","","","","","","","","","","","","","","","1455 Market Street/Suite #600/SAN FRANCISCO, CA 94103","",""
"LE_120","Malibu Entertainment Inc.(US)","47-3318861","XLE_ENTITY_PROFILES","United States Income Tax","","","","","","","","","","","","","","","","","","","","","","","","","Y","","","","","","","","","","","","","","","","","","","","","","","2711 Centerville Road,/Suite 400/WILMINGTON, DE 19808","",""
"LE_305","Project Panther Bidco Ltd","09368999","XLE_ENTITY_PROFILES","United Kingdom Income Tax","","","","","","","","","","","","","","","","","","","","","","","","","Y","","","","","","","","","","","","","","","","","","","","","","","The Broadgate Tower/Third Floor/20 Primrose Street/LONDON/LDN/EC2A 2RS/UNITED KINGDOM","",""
"LE_323","WiMP Music GmbH","DE282940517","XLE_ENTITY_PROFILES","Germany Income Tax","","","","","","","","","","","","","","","","","","","","","","","","","Y","","","","","","","","","","","","","","","","","","","","","","","Friedrichstrabe 68/10117 Berlin/GERMANY","",""
"LE_264","Afterpay Corporate Services Pty Ltd","ACN 106 853 383","XLE_ENTITY_PROFILES","Australia Company Law","","","","","","","","","","","","","","","","","","","","","","","","","Y","","","","","","","","","","","","","","","","","","","","","","","Queen & Collins Tower/Afterpay, Level 8/376 – 390 Collins Street/Melbourne VIC 3000/AUSTRALIA","",""
"LE_265","Touch Networks Pty Ltd","ACN 091 258 650","XLE_ENTITY_PROFILES","Australia Company Law","","","","","","","","","","","","","","","","","","","","","","","","","Y","","","","","","","","","","","","","","","","","","","","","","","Queen & Collins Tower/Afterpay, Level 8/376 – 390 Collins Street/Melbourne VIC 3000/AUSTRALIA","",""
"LE_266","Afterpay China Holdings Pty Ltd","ACN 637 889 741","XLE_ENTITY_PROFILES","Australia Company Law","","","","","","","","","","","","","","","","","","","","","","","","","Y","","","","","","","","","","","","","","","","","","","","","","","Queen & Collins Tower/Afterpay, Level 8/376 – 390 Collins Street/Melbourne VIC 3000/AUSTRALIA","",""
"LE_267","Afterpay Holdings Pty Ltd","ACN 606 589 520","XLE_ENTITY_PROFILES","Australia Company Law","","","","","","","","","","","","","","","","","","","","","","","","","Y","","","","","","","","","","","","","","","","","","","","","","","Queen & Collins Tower/Afterpay, Level 8/376 – 390 Collins Street/Melbourne VIC 3000/AUSTRALIA","",""
"LE_268","Afterpay Australia Pty Ltd","ACN 169 342 947","XLE_ENTITY_PROFILES","Australia Company Law","","","","","","","","","","","","","","","","","","","","","","","","","Y","","","","","","","","","","","","","","","","","","","","","","","Queen & Collins Tower/Afterpay, Level 8/376 – 390 Collins Street/Melbourne VIC 3000/AUSTRALIA","",""
"LE_269","Afterpay Warehouse Trust","ACN 793 727 918","XLE_ENTITY_PROFILES","Australia Company Law","","","","","","","","","","","","","","","","","","","","","","","","","Y","","","","","","","","","","","","","","","","","","","","","","","Queen & Collins Tower/Afterpay, Level 8/376 – 390 Collins Street/Melbourne VIC 3000/AUSTRALIA","",""
"LE_270","Afterpay International Holdings Pty Ltd","ACN 621 103 526","XLE_ENTITY_PROFILES","Australia Company Law","","","","","","","","","","","","","","","","","","","","","","","","","Y","","","","","","","","","","","","","","","","","","","","","","","Queen & Collins Tower/Afterpay, Level 8/376 – 390 Collins Street/Melbourne VIC 3000/AUSTRALIA","",""
"LE_146","Afterpay Receivables Warehouse-JPM LLC","87-1393888","XLE_ENTITY_PROFILES","United States Income Tax","","","","","","","","","","","","","","","","","","","","","","","","","Y","","","","","","","","","","","","","","","","","","","","","","","RO: C/- Corporation Service Company/ 251 Little Falls Drive  Wilmington, DE 19808  PPB: Suite 15-001, 600 California Street, 11th floor  San Francisco, CA 94108""/SAN FRANCISCO, CA 94108","",""
"LE_149","LWAC limited","202201281","XLE_ENTITY_PROFILES","Bermuda Income Tax","","","","","","","","","","","","","","","","","","","","","","","","","Y","","","","","","","","","","","","","","","","","","","","","","","Canon’s Court/22 Victoria Street/HAMILTON PEMBROKE HM 12/BERMUDA","",""
"LE_329_DNU","Squareup International Limited, Succursale en France","951983717","XLE_ENTITY_PROFILES","France Company Law","","","","","","","","","","","","","","","","","","","","","","","","","Y","","","","","","","","","","","","","","","","","","","","","","","54-56 Avenue Hoche/75008 PARIS/FRANCE","",""
"LE_250","Square AU Pty Ltd","ACN 167 106 176","XLE_ENTITY_PROFILES","Australia Company Law","","","","","","","","","","","","","","","","","","","","","","","","","Y","","","","","","","","","","","","","","","","","","","","","","","Level 46/Tower One - International Towers/100 Barangaroo Avenue Barangaroo/Sydney NSW 2000/AUSTRALIA","",""
"LE_220","Square Trading (Shenzhen) Company Limited","91440300MA5ETJ4G5N","XLE_ENTITY_PROFILES","China Income Tax","","","","","","","","","","","","","","","","","","","","","","","","","Y","","","","","","","","","","","","","","","","","","","","","","","CHINA/518048  GUANGDONG/, Futian/14/F, 4001 Shennan Road, Futian District, Shenzhen,","",""
"LE_316","Snackskal AB","559134-5706","XLE_ENTITY_PROFILES","Sweden Company Law","","","","","","","","","","","","","","","","","","","","","","","","","Y","","","","","","","","","","","","","","","","","","","","","","","Advokatfirma DLA Piper/Sweden KB,/Kungsgatan/103 90 Stockholm/SWEDEN","",""
"LE_202","Squareup Pte. Ltd","201231353C","XLE_ENTITY_PROFILES","Singapore Commerce Law","","","","","","","","","","","","","","","","","","","","","","","","","Y","","","","","","","","","","","","","","","","","","","","","","","8 Marina Blvd,, #05-02,, Marina Bay Financial Centre,/Singapore/Singapore 018981","",""
"LE_211","Square Holdings K.K.","6010401106918","XLE_ENTITY_PROFILES","Japan Income Tax","","","","","","","","","","","","","","","","","","","","","","","","","Y","","","","","","","","","","","","","","","","","","","","","","","JAPAN/106-0032/Tokyo/Kita-Aoyama/Minato-Ku","",""
"LE_311","Block Global B.V.","64624439","XLE_ENTITY_PROFILES","Netherlands Commerce Law","","","","","","","","","","","","","","","","","","","","","","","","","Y","","","","","","","","","","","","","","","","","","","","","","","WTC/Tower A, 4th Floor/1077 XX AMSTERDAM/NETHERLANDS","",""
"FR315","Squareup (France) SAS","FR24 829443803","XLE_ENTITY_PROFILES","France Company Law","","","","","","","","","","","","","","","","","","","","","","","","","Y","","","","","","","","","","","","","","","","","","","","","","","4 RUE DE MARIVAUX/75002 PARIS/FRANCE","",""
"317_LE","Squareup GmbH","DE301319858","XLE_ENTITY_PROFILES","Germany Income Tax","","","","","","","","","","","","","","","","","","","","","","","","","Y","","","","","","","","","","","","","","","","","","","","","","","Geschaftsanschrift/Neue Schonhauser/Strasse 2/10178 Berlin/GERMANY","",""
"LE_117","Huinaha Reinsurance Inc.","85-2986563","XLE_ENTITY_PROFILES","United States Income Tax","","","","","","","","","","","","","","","","","","","","","","","","","Y","","","","","","","","","","","","","","","","","","","","","","","HUINAHA REINSURANCE INC/201 MERCHANT ST,STE 2400/HONOLULU, HI 96813","",""
"LE_116","Cash App Taxes, Inc.","35-2570560","XLE_ENTITY_PROFILES","United States Income Tax","","","","","","","","","","","","","","","","","","","","","","","","","Y","","","","","","","","","","","","","","","","","","","","","","","760 Market Street/2nd Floor/SAN FRANCISCO, CA 94102","",""
"LE_318","Square Capel (IE) Limited","678542","XLE_ENTITY_PROFILES","Ireland Income Tax","","","","","","","","","","","","","","","","","","","","","","","","","Y","","","","","","","","","","","","","","","","","","","","","","","Square/Fumbally Square/Fumbally Lane/Dublin  D08 XYA5/Dublin/IRELAND","",""
"LE_131","Square Financial Services Inc.","85-0699307","XLE_ENTITY_PROFILES","United States Income Tax","","","","","","","","","","","","","","","","","","","","","","","","","Y","","","","","","","","","","","","","","","","","","","","","","","3165 E. Millrock Drive/Suite 160/SALT LAKE CITY, UT 84121","",""
"LE_322","Tidal sp. z o.o.","5252540201","XLE_ENTITY_PROFILES","Poland Commerce Law","","","","","","","","","","","","","","","","","","","","","","","","","Y","","","","","","","","","","","","","","","","","","","","","",""," c/o Mindspace/ul. Koszykowa 61, Office #147/00-667 Warsaw/POLAND","",""
"LE_324","Tidal US AB","SE556979448901","XLE_ENTITY_PROFILES","Sweden Company Law","","","","","","","","","","","","","","","","","","","","","","","","","Y","","","","","","","","","","","","","","","","","","","","","","","c/o Tidal/540 W 26th Street/8th Floor/10325 Stockholm/SWEDEN","",""
"LE_212","Tidal K.K.","0104-01-160924","XLE_ENTITY_PROFILES","Japan Income Tax","","","","","","","","","","","","","","","","","","","","","","","","","Y","","","","","","","","","","","","","","","","","","","","","","","JAPAN/106-0032/Tokyo/Kita-Aoyama/Minato-Ku","",""
"LE_261","Afterpay Limited","ACN 618 280 649","XLE_ENTITY_PROFILES","Australia Company Law","","","","","","","","","","","","","","","","","","","","","","","","","Y","","","","","","","","","","","","","","","","","","","","","","","Queen & Collins Tower/Afterpay, Level 8/376 – 390 Collins Street/Melbourne VIC 3000/AUSTRALIA","",""
"LE_262","Touch Holdings Pty Ltd","ACN 109 766 592","XLE_ENTITY_PROFILES","Australia Company Law","","","","","","","","","","","","","","","","","","","","","","","","","Y","","","","","","","","","","","","","","","","","","","","","","","Queen & Collins Tower/Afterpay, Level 8/376 – 390 Collins Street/Melbourne VIC 3000/AUSTRALIA","",""
"LE_204","Setelah Bayar Pte. Ltd.","201806163N","XLE_ENTITY_PROFILES","Singapore Commerce Law","","","","","","","","","","","","","","","","","","","","","","","","","Y","","","","","","","","","","","","","","","","","","","","","","","80 Robinson Road #20-00/Singapore/Singapore 068898","",""
"LE_205","PT Empat Kali Indonesia","8120104852372","XLE_ENTITY_PROFILES","Indonesia Income Tax","","","","","","","","","","","","","","","","","","","","","","","","","Y","","","","","","","","","","","","","","","","","","","","","","","Recapital Building, Jl. Aditiyawarman/No.55, RT.3/RW.2, Melawai, Kec. Kby./Baru, Kota Jakarta Selatan, Daerah Khusus Ibukota/JAKARTA JK 12160/INDONESIA","",""
"LE_221","Afterpay Information Technology Service (Shanghai) Co., Ltd.","91310115MA1K4J2N19","XLE_ENTITY_PROFILES","China Income Tax","","","","","","","","","","","","","","","","","","","","","","","","","Y","","","","","","","","","","","","","","","","","","","","","","","CHINA/SHANGHAI/, Pudong/No. 88, Century Avenue/, Unit 1506B,  Jin Mao Tower Office Building","",""
"LE_231","Afterpay NZ Limited","6340314 NZBN 9429046246837","XLE_ENTITY_PROFILES","New Zealand Income Tax","","","","","","","","","","","","","","","","","","","","","","","","","Y","","","","","","","","","","","","","","","","","","","","","","","TMF Group, Level 11/ 41 Shortland Street/ Auckland Central 1010 PPB: QB Studios, Studio 4, 206 Jervois Rd, Herne Bay/Auckland 1011/NEW ZEALAND","",""
"LE_331","Clearpay (International) Finance Holding Limited","13320902","XLE_ENTITY_PROFILES","United Kingdom Income Tax","","","","","","","","","","","","","","","","","","","","","","","","","Y","","","","","","","","","","","","","","","","","","","","","","","22 Long Acre/LONDON/LDN/WC2E 9LY/UNITED KINGDOM","",""
"LE_332","Clearpay (UK) Finance Services Limited","13325095","XLE_ENTITY_PROFILES","United Kingdom Income Tax","","","","","","","","","","","","","","","","","","","","","","","","","Y","","","","","","","","","","","","","","","","","","","","","","","22 Long Acre/LONDON/LDN/WC2E 9LY/UNITED KINGDOM","",""
"LE_333","Clearpay (International) Limited ","12750230","XLE_ENTITY_PROFILES","United Kingdom Income Tax","","","","","","","","","","","","","","","","","","","","","","","","","Y","","","","","","","","","","","","","","","","","","","","","","","22 Long Acre/LONDON/LDN/WC2E 9LY/UNITED KINGDOM","",""
"LE_335","Clearpay Finance Limited","05198026","XLE_ENTITY_PROFILES","United Kingdom Income Tax","","","","","","","","","","","","","","","","","","","","","","","","","Y","","","","","","","","","","","","","","","","","","","","","","","22 Long Acre/LONDON/LDN/WC2E 9LY/UNITED KINGDOM","",""
"LE_336","Clearpay Receivables Warehouse 2020-1 Limited","13098091","XLE_ENTITY_PROFILES","United Kingdom Income Tax","","","","","","","","","","","","","","","","","","","","","","","","","Y","","","","","","","","","","","","","","","","","","","","","","","1 Bartholomew Lane/LONDON/LDN/EC2N 2AZ/UNITED KINGDOM","",""
"LE_337","Clearpay Receivables Warehouse 2020-2 Limited","13098287","XLE_ENTITY_PROFILES","United Kingdom Income Tax","","","","","","","","","","","","","","","","","","","","","","","","","Y","","","","","","","","","","","","","","","","","","","","","","","1 Bartholomew Lane/LONDON/LDN/EC2N 2AZ/UNITED KINGDOM","",""
"LE_340","Pagantis, S.A. (Italian Branch)","IT10656950960","XLE_ENTITY_PROFILES","Italy Income Tax","","","","","","","","","","","","","","","","","","","","","","","","","Y","","","","","","","","","","","","","","","","","","","","","","","Via Pietro Paleocapa 7/20121 MILAN MILANO/ITALY","",""
"LE_143","Afterpay US Receivables Warehouse-GS LLC","84-4014694","XLE_ENTITY_PROFILES","United States Income Tax","","","","","","","","","","","","","","","","","","","","","","","","","Y","","","","","","","","","","","","","","","","","","","","","","","RO: C/- Corporation Service Company/ 251 Little Falls Drive  Wilmington, DE 19808  PPB: Suite 15-001, 600 California Street, 11th floor  San Francisco, CA 94108""/SAN FRANCISCO, CA 94108","",""
"LE_001","Block Inc.","80-0429876","XLE_ENTITY_PROFILES","United States Income Tax","","","","","","","","","","","","","","","","","","","","","","","","","Y","","","","","","","","","","","","","","","","","","","","","","","1955 Broadway/Oakland Uptown/OAKLAND, CA 94612","",""
"LE_108","Square Capital LLC","81-1633589","XLE_ENTITY_PROFILES","United States Income Tax","","","","","","","","","","","","","","","","","","","","","","","","","Y","","","","","","","","","","","","","","","","","","","","","","","1455 Market Street/Suite #600/SAN FRANCISCO, CA 94103","",""
"LE_151","Square Canada Inc.","81679 2535 RT0001","XLE_ENTITY_PROFILES","Canada Federal Tax","","","","","","","","","","","","","","","","","","","","","","","","","Y","","","","","","","","","","","","","","","","","","","","","","","155 Wellington St West/TORONTO ON  M2N 7E9/CANADA","",""
"LE_301","Squareup Europe Limited (UK)","08957689","XLE_ENTITY_PROFILES","United Kingdom Income Tax","","","","","","","","","","","","","","","","","","","","","","","","","Y","","","","","","","","","","","","","","","","","","","","","","","The Bloomsbury Building/10 Bloomsbury Way/LONDON/LDN/WC1A 2SL/UNITED KINGDOM","",""
"LE_0006","Square K.K.","80104011001198","XLE_ENTITY_PROFILES","Japan Income Tax","","","","","","","","","","","","","","","","","","","","","","","","","Y","","","","","","","","","","","","","","","","","","","","","","","JAPAN/106-0032/Tokyo/Kita-Aoyama/Minato-Ku","",""
"LE_303","Squareup International Services Ltd.","12610761","XLE_ENTITY_PROFILES","United Kingdom Income Tax","","","","","","","","","","","","","","","","","","","","","","","","","Y","","","","","","","","","","","","","","","","","","","","","","","6th Foor/One London Wall/LONDON/LDN/EC2Y 5EB/UNITED KINGDOM","",""
"LE_215","Global Risk Engagement B.V. (TWN)","031403988","XLE_ENTITY_PROFILES","Taiwan Income Tax","","","","","","","","","","","","","","","","","","","","","","","","","Y","","","","","","","","","","","","","","","","","","","","","","","29F, No. 68, Section 5/Zhongxiao East Road/Xinyi District/TAIPEI 11065/TAIWAN","",""
"LE_118","Vandutch Acquisition Corp. (DE)","86-2739016","XLE_ENTITY_PROFILES","United States Income Tax","","","","","","","","","","","","","","","","","","","","","","","","","Y","","","","","","","","","","","","","","","","","","","","","","","1455 Market Street/Suite #600/SAN FRANCISCO, CA 94103","",""
"LE_321","Tidal Music AS","NO 993741345 MVA","XLE_ENTITY_PROFILES","Norway Company Law","","","","","","","","","","","","","","","","","","","","","","","","","Y","","","","","","","","","","","","","","","","","","","","","","","Lakkegata 53/N-0187 Oslo","",""
"LE_320","Aspiro AB","SE5565199998","XLE_ENTITY_PROFILES","Sweden Company Law","","","","","","","","","","","","","","","","","","","","","","","","","Y","","","","","","","","","","","","","","","","","","","","","","","c/o Tidal/P.O. Box 16285/103 25 Stockholm/SWEDEN","",""
"LE_503","Tidal Serviços de Entretenimento Ltda","29.187.733/0001-69","XLE_ENTITY_PROFILES","Brazil Federal Tax","","","","","","","","","","","","","","","","","","","","","","","","","Y","","","","","","","","","","","","","","","","","","","","","","","Av. Paulista, No. 807/Room 522, Bela Vista,/São Paulo-STATE OF SÃO PAULO/01311-915/BRAZIL","",""
"LE_263","Touch Australia Pty Ltd","ACN 166  091 587","XLE_ENTITY_PROFILES","Australia Company Law","","","","","","","","","","","","","","","","","","","","","","","","","Y","","","","","","","","","","","","","","","","","","","","","","","Queen & Collins Tower/Afterpay, Level 8/376 – 390 Collins Street/Melbourne VIC 3000/AUSTRALIA","",""
"LE_141","Afterpay US, Inc.","30-1008301","XLE_ENTITY_PROFILES","United States Income Tax","","","","","","","","","","","","","","","","","","","","","","","","","Y","","","","","","","","","","","","","","","","","","","","","","","RO: C/- Corporation Service Company/ 251 Little Falls Drive  Wilmington, DE 19808  PPB: Suite 15-001, 600 California Street, 11th floor  San Francisco, CA 94108""/SAN FRANCISCO, CA 94108","",""
"LE_153","Afterpay Canada Limited","738938737","XLE_ENTITY_PROFILES","Canada Federal Tax","","","","","","","","","","","","","","","","","","","","","","","","","Y","","","","","","","","","","","","","","","","","","","","","","","Suite 2600, Three Bentall Centre  595 Burrard Street,/Vancouver BC V7X 1L3/VANCOUVER BC  V6E 4E5/CANADA","",""
"LE_272","Lanai (AU) 2 Pty Ltd","652 352 451","XLE_ENTITY_PROFILES","Australia Company Law","","","","","","","","","","","","","","","","","","","","","","","","","Y","","","","","","","","","","","","","","","","","","","","","","","Level 23, 2 Freshwater Place Melbourne VIC 3006/Australia  Relocating to (Effective Date 11/1/2021) 376-390 Collins St/Melbourne VIC 3000/AUSTRALIA","",""
"LE_327","GoParrot SRL","1018600028918","XLE_ENTITY_PROFILES","Moldova Income Tax","","","","","","","","","","","","","","","","","","","","","","","","","Y","","","","","","","","","","","","","","","","","","","","","","","MD-2045, str. Studentilor/9/11, mun/Republica Moldova/CHISINAU CHISINAU MD-2045/MOLDOVA","",""
"LE_125","C Equals LN, LLC","92-3995552","XLE_ENTITY_PROFILES","United States Income Tax","","","","","","","","","","","","","","","","","","","","","","","","","Y","","","","","","","","","","","","","","","","","","","","","","","1955 Broadway/Suite 600/OAKLAND, CA 94612","",""
"LE_161","Block XYZ Technology LLC","2802941","XLE_ENTITY_PROFILES","Singapore Commerce Law","","","","","","","","","","","","","","","","","","","","","","","","","Y","","","","","","","","","","","","","","","","","","","","","","","8 Marina Blvd,, #05-02,, Marina Bay Financial Centre,/Singapore/Singapore 018981","",""
"LE_343","Treasury (IE) Ltd","4314296NH","XLE_ENTITY_PROFILES","Ireland Income Tax","","","","","","","","","","","","","","","","","","","","","","","","","Y","","","","","","","","","","","","","","","","","","","","","","","Square/Fumbally Square/Fumbally Lane/Dublin  D08 XYA5/Dublin/IRELAND","",""
"LE_162","Block XYZ International Holdings Inc","33-2500777","XLE_ENTITY_PROFILES","United States Income Tax","","","","","","","","","","","","","","","","","","","","","","","","","Y","","","","","","","","","","","","","","","","","","","","","","","1955 Broadway/Suite 600/OAKLAND, CA 94612","",""
"LE_344","Block XYZ Limited (Greece), Foreign Branch","115642739","XLE_ENTITY_PROFILES","Greece Commerce Law","","","","","","","","","","","","","","","","","","","","","","","","","Y","","","","","","","","","","","","","","","","","","","","","","","238 Kifisias Avenue/Chalandri/ATHENS 15231/GREECE","",""
"LE_105","Square Payroll Inc.","46-5614445","XLE_ENTITY_PROFILES","United States Income Tax","","","","","","","","","","","","","","","","","","","","","","","","","Y","","","","","","","","","","","","","","","","","","","","","","","1455 Market Street/Suite #600/SAN FRANCISCO, CA 94103","",""
"LE_313","Decentralized Global Payments, SL","B66570490","XLE_ENTITY_PROFILES","Spain Income Tax","","","","","","","","","","","","","","","","","","","","","","","","","Y","","","","","","","","","","","","","","","","","","","","","","","Plaza de Catalunya/21 Third Floor/08002 BARCELONA(BARCELONA/SPAIN","",""
"LE_314","Verse Payments Lithuania, UAB","304932396","XLE_ENTITY_PROFILES","Lithuania Income Tax","","","","","","","","","","","","","","","","","","","","","","","","","Y","","","","","","","","","","","","","","","","","","","","","","","Lvovo g. 105A/2 aukštas/VILNIUS VILNIUS LT-08104/LITHUANIA","",""
"LE_114","Cash App Investing LLC","61-1798347","XLE_ENTITY_PROFILES","United States Income Tax","","","","","","","","","","","","","","","","","","","","","","","","","Y","","","","","","","","","","","","","","","","","","","","","","","920 SW 6th Avenue/Ste. 1200/PORTLAND, OR 97204","",""
"LE_115","Stitch Labs, Inc.","80-0730756","XLE_ENTITY_PROFILES","United States Income Tax","","","","","","","","","","","","","","","","","","","","","","","","","Y","","","","","","","","","","","","","","","","","","","","","","","1455 Market Street/Suite #600/SAN FRANCISCO, CA 94103","",""
"LE_304","Cash App Innovation (UK) Ltd.","12924641","XLE_ENTITY_PROFILES","United Kingdom Income Tax","","","","","","","","","","","","","","","","","","","","","","","","","Y","","","","","","","","","","","","","","","","","","","","","","","Square/4th Floor/101 New Cavendish Street/LONDON/LDN/W1W 6XH/UNITED KINGDOM","",""
"LE_121","Tidal Music LLC","82-3432242","XLE_ENTITY_PROFILES","United States Income Tax","","","","","","","","","","","","","","","","","","","","","","","","","Y","","","","","","","","","","","","","","","","","","","","","","","1955 Broadway/Suite 600/OAKLAND, CA 94612","",""
"LE_501","Project Panther Ltd.","98-1222694","XLE_ENTITY_PROFILES","Cayman Islands Income Tax","","","","","","","","","","","","","","","","","","","","","","","","","Y","","","","","","","","","","","","","","","","","","","","","","","C/- Maples Corporate Services Limited/PO Box 309/Ugland House/GRAND CAYMAN GRAND CAYMAN KY1-1104/CAYMAN ISLANDS","",""
"LE_325","Tidal Music - Spain, SL","B16993313","XLE_ENTITY_PROFILES","Spain Income Tax","","","","","","","","","","","","","","","","","","","","","","","","","Y","","","","","","","","","","","","","","","","","","","","","","","Plaça de Catalunya, number 21/Local, 3rd floor/08002 BARCELONA(BARCELONA/SPAIN","",""
"LE_145","Touchcorp Limited ","603731184","XLE_ENTITY_PROFILES","Bermuda Income Tax","","","","","","","","","","","","","","","","","","","","","","","","","Y","","","","","","","","","","","","","","","","","","","","","","","34 Bermudiana Road/HAMILTON PEMBROKE HM 11/BERMUDA","",""
"LE_203","Afterpay Asia Pte. Ltd.","201531869D","XLE_ENTITY_PROFILES","Singapore Commerce Law","","","","","","","","","","","","","","","","","","","","","","","","","Y","","","","","","","","","","","","","","","","","","","","","","","80 Robinson Road #20-00/Singapore/Singapore 068898","",""
"LE_232","Afterpay NZ Warehouse Trust","Series - 2019 - 1","XLE_ENTITY_PROFILES","New Zealand Income Tax","","","","","","","","","","","","","","","","","","","","","","","","","Y","","","","","","","","","","","","","","","","","","","","","","","TMF Group, Level 11/ 41 Shortland Street/ Auckland Central 1010 PPB: QB Studios, Studio 4, 206 Jervois Rd, Herne Bay/Auckland 1011/NEW ZEALAND","",""
"LE_334","Clearpay (Europe) Limited","12752791","XLE_ENTITY_PROFILES","United Kingdom Income Tax","","","","","","","","","","","","","","","","","","","","","","","","","Y","","","","","","","","","","","","","","","","","","","","","","","22 Long Acre/LONDON/LDN/WC2E 9LY/UNITED KINGDOM","",""
"LE_147","Lanai (US) 1, LLC","87-2853102","XLE_ENTITY_PROFILES","United States Income Tax","","","","","","","","","","","","","","","","","","","","","","","","","Y","","","","","","","","","","","","","","","","","","","","","","","760 Market St/SAN FRANCISCO, CA 94102","",""
"LE_148","Lanai (US) 2, LLC","87-2875280","XLE_ENTITY_PROFILES","United States Income Tax","","","","","","","","","","","","","","","","","","","","","","","","","Y","","","","","","","","","","","","","","","","","","","","","","","760 Market St/SAN FRANCISCO, CA 94102","",""
"LE_504","Block of Mexico, SA","CTE2203251F0","XLE_ENTITY_PROFILES","Mexico Federal Tax","","","","","","","","","","","","","","","","","","","","","","","","","Y","","","","","","","","","","","","","","","","","","","","","","","Ave La Reforma 404/03650  MONTERREY, NUEVO LEON/MEXICO","",""
"LE_326","Block XYZ Limited","3928574GH","XLE_ENTITY_PROFILES","Ireland Income Tax","","","","","","","","","","","","","","","","","","","","","","","","","Y","","","","","","","","","","","","","","","","","","","","","","","70 Sir John Rogerson's Quay/Dublin  D02 R296/Dublin/IRELAND","",""
"LE_233","Cash Holdings Australia Pty Ltd","ACN 663 736 481","XLE_ENTITY_PROFILES","Australia Company Law","","","","","","","","","","","","","","","","","","","","","","","","","Y","","","","","","","","","","","","","","","","","","","","","","","Queen & Collins Tower/Level 8/ 376 - 390 Collins Street/Melbourne VIC 3000/AUSTRALIA","",""
"LE_234","Cash App Australia Pty Ltd","ACN 663 740 725","XLE_ENTITY_PROFILES","Australia Company Law","","","","","","","","","","","","","","","","","","","","","","","","","Y","","","","","","","","","","","","","","","","","","","","","","","Queen & Collins Tower/Level 8/ 376 - 390 Collins Street/Melbourne VIC 3000/AUSTRALIA","",""
"LE_163","Proto Global, LLC","33-2733014","XLE_ENTITY_PROFILES","United States Income Tax","","","","","","","","","","","","","","","","","","","","","","","","","Y","","","","","","","","","","","","","","","","","","","","","","","1209 Orange Street/WILMINGTON, DE 19801","",""
