"XLE_ENTITY_PROFILE.LegalEntityIdentifier","Name","ActivityCode","Attribute10","Attribute11","Attribute12","Attribute13","Attribute14","Attribute15","Attribute16","Attribute17","Attribute18","Attribute19","Attribute2","Attribute20","Attribute3","Attribute4","Attribute5","Attribute6","Attribute7","Attribute8","Attribute9","AttributeCategory","EffectiveFrom","EffectiveTo","EtbInformation1","EtbInformation10","EtbInformation11","EtbInformation12","EtbInformation13","EtbInformation14","EtbInformation15","EtbInformation16","EtbInformation17","EtbInformation18","EtbInformation19","EtbInformation2","EtbInformation20","EtbInformation3","EtbInformation4","EtbInformation5","EtbInformation6","EtbInformation7","EtbInformation8","EtbInformation9","EtbInformationContext","MainEffectiveFrom","MainEffectiveTo","MainEstablishmentFlag","SubActivityCode","TypeOfCompany","GeographyCode","GeographyName","GeographyType","GeographyUse","GeographyCodeTransient","GeographyTypeTransient","GeographyUseTransient","GeographyNameTransient","GeographyElement1","GeographyElement2","GeographyElement3","GeographyElement4","GeographyElement5","GeographyElement6","GeographyElement7","GeographyElement8","GeographyElement9","GeographyElement10","AttributeDate1","AttributeDate2","AttributeDate3","AttributeDate4","AttributeDate5","AttributeNumber1","AttributeNumber2","AttributeNumber3","AttributeNumber4","AttributeNumber5","EtbInformationDate1","EtbInformationDate2","EtbInformationDate3","EtbInformationDate4","EtbInformationDate5","EtbInformationNumber1","EtbInformationNumber2","EtbInformationNumber3","EtbInformationNumber4","EtbInformationNumber5"
"LE_302","Squareup (UK) Limited","","","","","","","","","","","","","","","","","","","","","","","","","","","","","","","","","","","","","","","","","","","","GB","","","Y","","","GB","United Kingdom","COUNTRY","MASTER_REF","GB","COUNTRY","MASTER_REF","United Kingdom","United Kingdom","","","","","","","","","","","","","","","","","","","","","","","","","","","","",""
"LE_112","Square Money Services, Inc","","","","","","","","","","","","","","","","","","","","","","","","","","","","","","","","","","","","","","","","","","","","US","","","Y","","","US","United States","COUNTRY","MASTER_REF","US","COUNTRY","MASTER_REF","United States","United States","","","","","","","","","","","","","","","","","","","","","","","","","","","","",""
"LE_113","Verse Technologies, Inc.","","","","","","","","","","","","","","","","","","","","","","","","","","","","","","","","","","","","","","","","","","","","US","","","Y","","","US","United States","COUNTRY","MASTER_REF","US","COUNTRY","MASTER_REF","United States","United States","","","","","","","","","","","","","","","","","","","","","","","","","","","","",""
"LE_319","Cash App Innovation (IE) Limited","","","","","","","","","","","","","","","","","","","","","","","","","","","","","","","","","","","","","","","","","","","","IE","","","Y","","","IE","Ireland","COUNTRY","MASTER_REF","IE","COUNTRY","MASTER_REF","Ireland","Ireland","","","","","","","","","","","","","","","","","","","","","","","","","","","","",""
"LE_338","Clearpay S.A.U.","","","","","","","","","","","","","","","","","","","","","","","","","","","","","","","","","","","","","","","","","","","","ES","","","Y","","","ES","Spain","COUNTRY","MASTER_REF","ES","COUNTRY","MASTER_REF","Spain","Spain","","","","","","","","","","","","","","","","","","","","","","","","","","","","",""
"LE_339","Clearpay Technology S.L.","","","","","","","","","","","","","","","","","","","","","","","","","","","","","","","","","","","","","","","","","","","","ES","","","Y","","","ES","Spain","COUNTRY","MASTER_REF","ES","COUNTRY","MASTER_REF","Spain","Spain","","","","","","","","","","","","","","","","","","","","","","","","","","","","",""
"LE_341","Pagantis, S.A. (French Branch)","","","","","","","","","","","","","","","","","","","","","","","","","","","","","","","","","","","","","","","","","","","","FR","","","Y","","","FR","France","COUNTRY","MASTER_REF","FR","COUNTRY","MASTER_REF","France","France","","","","","","","","","","","","","","","","","","","","","","","","","","","","",""
"LE_142","Afterpay US Receivables Warehouse-C LLC","","","","","","","","","","","","","","","","","","","","","","","","","","","","","","","","","","","","","","","","","","","","US","","","Y","","","US","United States","COUNTRY","MASTER_REF","US","COUNTRY","MASTER_REF","United States","United States","","","","","","","","","","","","","","","","","","","","","","","","","","","","",""
"LE_144","Afterpay US Services, LLC","","","","","","","","","","","","","","","","","","","","","","","","","","","","","","","","","","","","","","","","","","","","US","","","Y","","","US","United States","COUNTRY","MASTER_REF","US","COUNTRY","MASTER_REF","United States","United States","","","","","","","","","","","","","","","","","","","","","","","","","","","","",""
"LE_271","Lanai (AU) 1 Pty Ltd","","","","","","","","","","","","","","","","","","","","","","","","","","","","","","","","","","","","","","","","","","","","AU","","","Y","","","AU","Australia","COUNTRY","MASTER_REF","AU","COUNTRY","MASTER_REF","Australia","Australia","","","","","","","","","","","","","","","","","","","","","","","","","","","","",""
"LE_273","Lanai (AU) 1 Pty Ltd.","","","","","","","","","","","","","","","","","","","","","","","","","","","","","","","","","","","","","","","","","","","","AU","","","Y","","","AU","Australia","COUNTRY","MASTER_REF","AU","COUNTRY","MASTER_REF","Australia","Australia","","","","","","","","","","","","","","","","","","","","","","","","","","","","",""
"LE_274","Lanai (AU) 2 Pty Ltd.","","","","","","","","","","","","","","","","","","","","","","","","","","","","","","","","","","","","","","","","","","","","AU","","","Y","","","AU","Australia","COUNTRY","MASTER_REF","AU","COUNTRY","MASTER_REF","Australia","Australia","","","","","","","","","","","","","","","","","","","","","","","","","","","","",""
"LE_154","Cash App Canada Payments ULC","","","","","","","","","","","","","","","","","","","","","","","","","","","","","","","","","","","","","","","","","","","","CA","","","Y","","","CA","Canada","COUNTRY","MASTER_REF","CA","COUNTRY","MASTER_REF","Canada","Canada","","","","","","","","","","","","","","","","","","","","","","","","","","","","",""
"LE_328","Squareup International Limited, Establecimiento Permanente en España","","","","","","","","","","","","","","","","","","","","","","","","","","","","","","","","","","","","","","","","","","","","IE","","","Y","","","IE","Ireland","COUNTRY","MASTER_REF","IE","COUNTRY","MASTER_REF","Ireland","Ireland","","","","","","","","","","","","","","","","","","","","","","","","","","","","",""
"LE_329","Squareup International Limited, Succursale en France","","","","","","","","","","","","","","","","","","","","","","","","","","","","","","","","","","","","","","","","","","","","FR","","","Y","","","FR","France","COUNTRY","MASTER_REF","FR","COUNTRY","MASTER_REF","France","France","","","","","","","","","","","","","","","","","","","","","","","","","","","","",""
"LE_103","Square International Services Inc","","","","","","","","","","","","","","","","","","","","","","","","","","","","","","","","","","","","","","","","","","","","US","","","Y","","","US","United States","COUNTRY","MASTER_REF","US","COUNTRY","MASTER_REF","United States","United States","","","","","","","","","","","","","","","","","","","","","","","","","","","","",""
"LE_109","Weebly LLC","","","","","","","","","","","","","","","","","","","","","","","","","","","","","","","","","","","","","","","","","","","","US","","","Y","","","US","United States","COUNTRY","MASTER_REF","US","COUNTRY","MASTER_REF","United States","United States","","","","","","","","","","","","","","","","","","","","","","","","","","","","",""
"LE_312","Squareup International Limited","","","","","","","","","","","","","","","","","","","","","","","","","","","","","","","","","","","","","","","","","","","","IE","","","Y","","","IE","Ireland","COUNTRY","MASTER_REF","IE","COUNTRY","MASTER_REF","Ireland","Ireland","","","","","","","","","","","","","","","","","","","","","","","","","","","","",""
"LE_152","Square Technologies, Inc","","","","","","","","","","","","","","","","","","","","","","","","","","","","","","","","","","","","","","","","","","","","CA","","","Y","","","CA","Canada","COUNTRY","MASTER_REF","CA","COUNTRY","MASTER_REF","Canada","Canada","","","","","","","","","","","","","","","","","","","","","","","","","","","","",""
"LE_119","Project Rising, LLC","","","","","","","","","","","","","","","","","","","","","","","","","","","","","","","","","","","","","","","","","","","","US","","","Y","","","US","United States","COUNTRY","MASTER_REF","US","COUNTRY","MASTER_REF","United States","United States","","","","","","","","","","","","","","","","","","","","","","","","","","","","",""
"LE_120","Malibu Entertainment Inc.(US)","","","","","","","","","","","","","","","","","","","","","","","","","","","","","","","","","","","","","","","","","","","","US","","","Y","","","US","United States","COUNTRY","MASTER_REF","US","COUNTRY","MASTER_REF","United States","United States","","","","","","","","","","","","","","","","","","","","","","","","","","","","",""
"LE_305","Project Panther Bidco Ltd","","","","","","","","","","","","","","","","","","","","","","","","","","","","","","","","","","","","","","","","","","","","GB","","","Y","","","GB","United Kingdom","COUNTRY","MASTER_REF","GB","COUNTRY","MASTER_REF","United Kingdom","United Kingdom","","","","","","","","","","","","","","","","","","","","","","","","","","","","",""
"LE_323","WiMP Music GmbH","","","","","","","","","","","","","","","","","","","","","","","","","","","","","","","","","","","","","","","","","","","","DE","","","Y","","","DE","Germany","COUNTRY","MASTER_REF","DE","COUNTRY","MASTER_REF","Germany","Germany","","","","","","","","","","","","","","","","","","","","","","","","","","","","",""
"LE_264","Afterpay Corporate Services Pty Ltd","","","","","","","","","","","","","","","","","","","","","","","","","","","","","","","","","","","","","","","","","","","","AU","","","Y","","","AU","Australia","COUNTRY","MASTER_REF","AU","COUNTRY","MASTER_REF","Australia","Australia","","","","","","","","","","","","","","","","","","","","","","","","","","","","",""
"LE_265","Touch Networks Pty Ltd","","","","","","","","","","","","","","","","","","","","","","","","","","","","","","","","","","","","","","","","","","","","AU","","","Y","","","AU","Australia","COUNTRY","MASTER_REF","AU","COUNTRY","MASTER_REF","Australia","Australia","","","","","","","","","","","","","","","","","","","","","","","","","","","","",""
"LE_266","Afterpay China Holdings Pty Ltd","","","","","","","","","","","","","","","","","","","","","","","","","","","","","","","","","","","","","","","","","","","","AU","","","Y","","","AU","Australia","COUNTRY","MASTER_REF","AU","COUNTRY","MASTER_REF","Australia","Australia","","","","","","","","","","","","","","","","","","","","","","","","","","","","",""
"LE_267","Afterpay Holdings Pty Ltd","","","","","","","","","","","","","","","","","","","","","","","","","","","","","","","","","","","","","","","","","","","","AU","","","Y","","","AU","Australia","COUNTRY","MASTER_REF","AU","COUNTRY","MASTER_REF","Australia","Australia","","","","","","","","","","","","","","","","","","","","","","","","","","","","",""
"LE_268","Afterpay Australia Pty Ltd","","","","","","","","","","","","","","","","","","","","","","","","","","","","","","","","","","","","","","","","","","","","AU","","","Y","","","AU","Australia","COUNTRY","MASTER_REF","AU","COUNTRY","MASTER_REF","Australia","Australia","","","","","","","","","","","","","","","","","","","","","","","","","","","","",""
"LE_269","Afterpay Warehouse Trust","","","","","","","","","","","","","","","","","","","","","","","","","","","","","","","","","","","","","","","","","","","","AU","","","Y","","","AU","Australia","COUNTRY","MASTER_REF","AU","COUNTRY","MASTER_REF","Australia","Australia","","","","","","","","","","","","","","","","","","","","","","","","","","","","",""
"LE_270","Afterpay International Holdings Pty Ltd","","","","","","","","","","","","","","","","","","","","","","","","","","","","","","","","","","","","","","","","","","","","AU","","","Y","","","AU","Australia","COUNTRY","MASTER_REF","AU","COUNTRY","MASTER_REF","Australia","Australia","","","","","","","","","","","","","","","","","","","","","","","","","","","","",""
"LE_146","Afterpay Receivables Warehouse-JPM LLC","","","","","","","","","","","","","","","","","","","","","","","","","","","","","","","","","","","","","","","","","","","","US","","","Y","","","US","United States","COUNTRY","MASTER_REF","US","COUNTRY","MASTER_REF","United States","United States","","","","","","","","","","","","","","","","","","","","","","","","","","","","",""
"LE_149","LWAC limited","","","","","","","","","","","","","","","","","","","","","","","","","","","","","","","","","","","","","","","","","","","","BM","","","Y","","","BM","Bermuda","COUNTRY","MASTER_REF","BM","COUNTRY","MASTER_REF","Bermuda","Bermuda","","","","","","","","","","","","","","","","","","","","","","","","","","","","",""
"LE_329_DNU","Squareup International Limited, Succursale en France","","","","","","","","","","","","","","","","","","","","","","","","","","","","","","","","","","","","","","","","","","","","FR","","","Y","","","FR","France","COUNTRY","MASTER_REF","FR","COUNTRY","MASTER_REF","France","France","","","","","","","","","","","","","","","","","","","","","","","","","","","","",""
"LE_250","Square AU Pty Ltd","","","","","","","","","","","","","","","","","","","","","","2001/01/01","","","","","","","","","","","","","","","","","","","","","","AU","","","Y","","","AU","Australia","COUNTRY","MASTER_REF","AU","COUNTRY","MASTER_REF","Australia","Australia","","","","","","","","","","","","","","","","","","","","","","","","","","","","",""
"LE_220","Square Trading (Shenzhen) Company Limited","","","","","","","","","","","","","","","","","","","","","","","","","","","","","","","","","","","","","","","","","","","","CN","","","Y","","","CN","China","COUNTRY","MASTER_REF","CN","COUNTRY","MASTER_REF","China","China","","","","","","","","","","","","","","","","","","","","","","","","","","","","",""
"LE_316","Snackskal AB","","","","","","","","","","","","","","","","","","","","","","","","","","","","","","","","","","","","","","","","","","","","SE","","","Y","","","SE","Sweden","COUNTRY","MASTER_REF","SE","COUNTRY","MASTER_REF","Sweden","Sweden","","","","","","","","","","","","","","","","","","","","","","","","","","","","",""
"LE_202","Squareup Pte. Ltd","","","","","","","","","","","","","","","","","","","","","","","","","","","","","","","","","","","","","","","","","","","","SG","","","Y","","","SG","Singapore","COUNTRY","MASTER_REF","SG","COUNTRY","MASTER_REF","Singapore","Singapore","","","","","","","","","","","","","","","","","","","","","","","","","","","","",""
"LE_211","Square Holdings K.K.","","","","","","","","","","","","","","","","","","","","","","","","","","","","","","","","","","","","","","","","","","","","JP","","","Y","","","JP","Japan","COUNTRY","MASTER_REF","JP","COUNTRY","MASTER_REF","Japan","Japan","","","","","","","","","","","","","","","","","","","","","","","","","","","","",""
"LE_311","Block Global B.V.","","","","","","","","","","","","","","","","","","","","","","","","","","","","","","","","","","","","","","","","","","","","NL","","","Y","","","NL","Netherlands","COUNTRY","MASTER_REF","NL","COUNTRY","MASTER_REF","Netherlands","Netherlands","","","","","","","","","","","","","","","","","","","","","","","","","","","","",""
"FR315","Squareup (France) SAS","","","","","","","","","","","","","","","","","","","","","","","","","","","","","","","","","","","","","","","","","","","","FR","","","Y","","","FR","France","COUNTRY","MASTER_REF","FR","COUNTRY","MASTER_REF","France","France","","","","","","","","","","","","","","","","","","","","","","","","","","","","",""
"317_LE","Squareup GmbH","","","","","","","","","","","","","","","","","","","","","","2020/07/01","","","","","","","","","","","","","","","","","","","","","","DE","","","Y","","","DE","Germany","COUNTRY","MASTER_REF","DE","COUNTRY","MASTER_REF","Germany","Germany","","","","","","","","","","","","","","","","","","","","","","","","","","","","",""
"LE_117","Huinaha Reinsurance Inc.","","","","","","","","","","","","","","","","","","","","","","","","","","","","","","","","","","","","","","","","","","","","US","","","Y","","","US","United States","COUNTRY","MASTER_REF","US","COUNTRY","MASTER_REF","United States","United States","","","","","","","","","","","","","","","","","","","","","","","","","","","","",""
"LE_116","Cash App Taxes, Inc.","","","","","","","","","","","","","","","","","","","","","","","","","","","","","","","","","","","","","","","","","","","","US","","","Y","","","US","United States","COUNTRY","MASTER_REF","US","COUNTRY","MASTER_REF","United States","United States","","","","","","","","","","","","","","","","","","","","","","","","","","","","",""
"LE_318","Square Capel (IE) Limited","","","","","","","","","","","","","","","","","","","","","","","","","","","","","","","","","","","","","","","","","","","","IE","","","Y","","","IE","Ireland","COUNTRY","MASTER_REF","IE","COUNTRY","MASTER_REF","Ireland","Ireland","","","","","","","","","","","","","","","","","","","","","","","","","","","","",""
"LE_131","Square Financial Services Inc.","","","","","","","","","","","","","","","","","","","","","","","","","","","","","","","","","","","","","","","","","","","","US","","","Y","","","US","United States","COUNTRY","MASTER_REF","US","COUNTRY","MASTER_REF","United States","United States","","","","","","","","","","","","","","","","","","","","","","","","","","","","",""
"LE_322","Tidal sp. z o.o.","","","","","","","","","","","","","","","","","","","","","","","","","","","","","","","","","","","","","","","","","","","","PL","","","Y","","","PL","Poland","COUNTRY","MASTER_REF","PL","COUNTRY","MASTER_REF","Poland","Poland","","","","","","","","","","","","","","","","","","","","","","","","","","","","",""
"LE_324","Tidal US AB","","","","","","","","","","","","","","","","","","","","","","","","","","","","","","","","","","","","","","","","","","","","SE","","","Y","","","SE","Sweden","COUNTRY","MASTER_REF","SE","COUNTRY","MASTER_REF","Sweden","Sweden","","","","","","","","","","","","","","","","","","","","","","","","","","","","",""
"LE_212","Tidal K.K.","","","","","","","","","","","","","","","","","","","","","","","","","","","","","","","","","","","","","","","","","","","","JP","","","Y","","","JP","Japan","COUNTRY","MASTER_REF","JP","COUNTRY","MASTER_REF","Japan","Japan","","","","","","","","","","","","","","","","","","","","","","","","","","","","",""
"LE_261","Afterpay Limited","","","","","","","","","","","","","","","","","","","","","","","","","","","","","","","","","","","","","","","","","","","","AU","","","Y","","","AU","Australia","COUNTRY","MASTER_REF","AU","COUNTRY","MASTER_REF","Australia","Australia","","","","","","","","","","","","","","","","","","","","","","","","","","","","",""
"LE_262","Touch Holdings Pty Ltd","","","","","","","","","","","","","","","","","","","","","","","","","","","","","","","","","","","","","","","","","","","","AU","","","Y","","","AU","Australia","COUNTRY","MASTER_REF","AU","COUNTRY","MASTER_REF","Australia","Australia","","","","","","","","","","","","","","","","","","","","","","","","","","","","",""
"LE_204","Setelah Bayar Pte. Ltd.","","","","","","","","","","","","","","","","","","","","","","","","","","","","","","","","","","","","","","","","","","","","SG","","","Y","","","SG","Singapore","COUNTRY","MASTER_REF","SG","COUNTRY","MASTER_REF","Singapore","Singapore","","","","","","","","","","","","","","","","","","","","","","","","","","","","",""
"LE_205","PT Empat Kali Indonesia","","","","","","","","","","","","","","","","","","","","","","","","","","","","","","","","","","","","","","","","","","","","ID","","","Y","","","ID","Indonesia","COUNTRY","MASTER_REF","ID","COUNTRY","MASTER_REF","Indonesia","Indonesia","","","","","","","","","","","","","","","","","","","","","","","","","","","","",""
"LE_221","Afterpay Information Technology Service (Shanghai) Co., Ltd.","","","","","","","","","","","","","","","","","","","","","","","","","","","","","","","","","","","","","","","","","","","","CN","","","Y","","","CN","China","COUNTRY","MASTER_REF","CN","COUNTRY","MASTER_REF","China","China","","","","","","","","","","","","","","","","","","","","","","","","","","","","",""
"LE_231","Afterpay NZ Limited","","","","","","","","","","","","","","","","","","","","","","","","","","","","","","","","","","","","","","","","","","","","NZ","","","Y","","","NZ","New Zealand","COUNTRY","MASTER_REF","NZ","COUNTRY","MASTER_REF","New Zealand","New Zealand","","","","","","","","","","","","","","","","","","","","","","","","","","","","",""
"LE_331","Clearpay (International) Finance Holding Limited","","","","","","","","","","","","","","","","","","","","","","","","","","","","","","","","","","","","","","","","","","","","GB","","","Y","","","GB","United Kingdom","COUNTRY","MASTER_REF","GB","COUNTRY","MASTER_REF","United Kingdom","United Kingdom","","","","","","","","","","","","","","","","","","","","","","","","","","","","",""
"LE_332","Clearpay (UK) Finance Services Limited","","","","","","","","","","","","","","","","","","","","","","","","","","","","","","","","","","","","","","","","","","","","GB","","","Y","","","GB","United Kingdom","COUNTRY","MASTER_REF","GB","COUNTRY","MASTER_REF","United Kingdom","United Kingdom","","","","","","","","","","","","","","","","","","","","","","","","","","","","",""
"LE_333","Clearpay (International) Limited ","","","","","","","","","","","","","","","","","","","","","","","","","","","","","","","","","","","","","","","","","","","","GB","","","Y","","","GB","United Kingdom","COUNTRY","MASTER_REF","GB","COUNTRY","MASTER_REF","United Kingdom","United Kingdom","","","","","","","","","","","","","","","","","","","","","","","","","","","","",""
"LE_335","Clearpay Finance Limited","","","","","","","","","","","","","","","","","","","","","","","","","","","","","","","","","","","","","","","","","","","","GB","","","Y","","","GB","United Kingdom","COUNTRY","MASTER_REF","GB","COUNTRY","MASTER_REF","United Kingdom","United Kingdom","","","","","","","","","","","","","","","","","","","","","","","","","","","","",""
"LE_336","Clearpay Receivables Warehouse 2020-1 Limited","","","","","","","","","","","","","","","","","","","","","","","","","","","","","","","","","","","","","","","","","","","","GB","","","Y","","","GB","United Kingdom","COUNTRY","MASTER_REF","GB","COUNTRY","MASTER_REF","United Kingdom","United Kingdom","","","","","","","","","","","","","","","","","","","","","","","","","","","","",""
"LE_337","Clearpay Receivables Warehouse 2020-2 Limited","","","","","","","","","","","","","","","","","","","","","","","","","","","","","","","","","","","","","","","","","","","","GB","","","Y","","","GB","United Kingdom","COUNTRY","MASTER_REF","GB","COUNTRY","MASTER_REF","United Kingdom","United Kingdom","","","","","","","","","","","","","","","","","","","","","","","","","","","","",""
"LE_340","Pagantis, S.A. (Italian Branch)","","","","","","","","","","","","","","","","","","","","","","","","","","","","","","","","","","","","","","","","","","","","IT","","","Y","","","IT","Italy","COUNTRY","MASTER_REF","IT","COUNTRY","MASTER_REF","Italy","Italy","","","","","","","","","","","","","","","","","","","","","","","","","","","","",""
"LE_143","Afterpay US Receivables Warehouse-GS LLC","","","","","","","","","","","","","","","","","","","","","","","","","","","","","","","","","","","","","","","","","","","","US","","","Y","","","US","United States","COUNTRY","MASTER_REF","US","COUNTRY","MASTER_REF","United States","United States","","","","","","","","","","","","","","","","","","","","","","","","","","","","",""
"LE_001","Square Inc.","","","","","","","","","","","","","","","","","","","","","","","","","","","","","","","","","","","","","","","","","","","","US","","","Y","","","US","United States","COUNTRY","MASTER_REF","US","COUNTRY","MASTER_REF","United States","United States","","","","","","","","","","","","","","","","","","","","","","","","","","","","",""
"LE_108","Square Capital LLC","","","","","","","","","","","","","","","","","","","","","","","","","","","","","","","","","","","","","","","","","","","","US","","","Y","","","US","United States","COUNTRY","MASTER_REF","US","COUNTRY","MASTER_REF","United States","United States","","","","","","","","","","","","","","","","","","","","","","","","","","","","",""
"LE_151","Square Canada Inc.","","","","","","","","","","","","","","","","","","","","","","","","","","","","","","","","","","","","","","","","","","","","CA","","","Y","","","CA","Canada","COUNTRY","MASTER_REF","CA","COUNTRY","MASTER_REF","Canada","Canada","","","","","","","","","","","","","","","","","","","","","","","","","","","","",""
"LE_301","Squareup Europe Limited (UK)","","","","","","","","","","","","","","","","","","","","","","","","","","","","","","","","","","","","","","","","","","","","GB","","","Y","","","GB","United Kingdom","COUNTRY","MASTER_REF","GB","COUNTRY","MASTER_REF","United Kingdom","United Kingdom","","","","","","","","","","","","","","","","","","","","","","","","","","","","",""
"LE_0006","Square K.K.","","","","","","","","","","","","","","","","","","","","","","","","","","","","","","","","","","","","","","","","","","","","JP","","","Y","","","JP","Japan","COUNTRY","MASTER_REF","JP","COUNTRY","MASTER_REF","Japan","Japan","","","","","","","","","","","","","","","","","","","","","","","","","","","","",""
"LE_303","Squareup International Services Ltd.","","","","","","","","","","","","","","","","","","","","","","","","","","","","","","","","","","","","","","","","","","","","GB","","","Y","","","GB","United Kingdom","COUNTRY","MASTER_REF","GB","COUNTRY","MASTER_REF","United Kingdom","United Kingdom","","","","","","","","","","","","","","","","","","","","","","","","","","","","",""
"LE_215","Global Risk Engagement B.V. (TWN)","","","","","","","","","","","","","","","","","","","","","","","","","","","","","","","","","","","","","","","","","","","","TW","","","Y","","","TW","Taiwan","COUNTRY","MASTER_REF","TW","COUNTRY","MASTER_REF","Taiwan","Taiwan","","","","","","","","","","","","","","","","","","","","","","","","","","","","",""
"LE_118","Vandutch Acquisition Corp. (DE)","","","","","","","","","","","","","","","","","","","","","","","","","","","","","","","","","","","","","","","","","","","","US","","","Y","","","US","United States","COUNTRY","MASTER_REF","US","COUNTRY","MASTER_REF","United States","United States","","","","","","","","","","","","","","","","","","","","","","","","","","","","",""
"LE_321","Tidal Music AS","","","","","","","","","","","","","","","","","","","","","","","","","","","","","","","","","","","","","","","","","","","","NO","","","Y","","","NO","Norway","COUNTRY","MASTER_REF","NO","COUNTRY","MASTER_REF","Norway","Norway","","","","","","","","","","","","","","","","","","","","","","","","","","","","",""
"LE_320","Aspiro AB","","","","","","","","","","","","","","","","","","","","","","","","","","","","","","","","","","","","","","","","","","","","SE","","","Y","","","SE","Sweden","COUNTRY","MASTER_REF","SE","COUNTRY","MASTER_REF","Sweden","Sweden","","","","","","","","","","","","","","","","","","","","","","","","","","","","",""
"LE_503","Tidal Serviços de Entretenimento Ltda","","","","","","","","","","","","","","","","","","","","","","","","","","","","","","","","","","","","","","","","","","","","BR","","","Y","","","BR","Brazil","COUNTRY","MASTER_REF","BR","COUNTRY","MASTER_REF","Brazil","Brazil","","","","","","","","","","","","","","","","","","","","","","","","","","","","",""
"LE_263","Touch Australia Pty Ltd","","","","","","","","","","","","","","","","","","","","","","","","","","","","","","","","","","","","","","","","","","","","AU","","","Y","","","AU","Australia","COUNTRY","MASTER_REF","AU","COUNTRY","MASTER_REF","Australia","Australia","","","","","","","","","","","","","","","","","","","","","","","","","","","","",""
"LE_141","Afterpay US, Inc.","","","","","","","","","","","","","","","","","","","","","","","","","","","","","","","","","","","","","","","","","","","","US","","","Y","","","US","United States","COUNTRY","MASTER_REF","US","COUNTRY","MASTER_REF","United States","United States","","","","","","","","","","","","","","","","","","","","","","","","","","","","",""
"LE_153","Afterpay Canada Limited","","","","","","","","","","","","","","","","","","","","","","","","","","","","","","","","","","","","","","","","","","","","CA","","","Y","","","CA","Canada","COUNTRY","MASTER_REF","CA","COUNTRY","MASTER_REF","Canada","Canada","","","","","","","","","","","","","","","","","","","","","","","","","","","","",""
"LE_272","Lanai (AU) 2 Pty Ltd","","","","","","","","","","","","","","","","","","","","","","","","","","","","","","","","","","","","","","","","","","","","AU","","","Y","","","AU","Australia","COUNTRY","MASTER_REF","AU","COUNTRY","MASTER_REF","Australia","Australia","","","","","","","","","","","","","","","","","","","","","","","","","","","","",""
"LE_327","GoParrot SRL","","","","","","","","","","","","","","","","","","","","","","","","","","","","","","","","","","","","","","","","","","","","MD","","","Y","","","MD","Moldova","COUNTRY","MASTER_REF","MD","COUNTRY","MASTER_REF","Moldova","Moldova","","","","","","","","","","","","","","","","","","","","","","","","","","","","",""
"LE_125","C Equals LN, LLC","","","","","","","","","","","","","","","","","","","","","","","","","","","","","","","","","","","","","","","","","","","","US","","","Y","","","US","United States","COUNTRY","MASTER_REF","US","COUNTRY","MASTER_REF","United States","United States","","","","","","","","","","","","","","","","","","","","","","","","","","","","",""
"LE_161","Block XYZ Technology LLC","","","","","","","","","","","","","","","","","","","","","","","","","","","","","","","","","","","","","","","","","","","","SG","","","Y","","","SG","Singapore","COUNTRY","MASTER_REF","SG","COUNTRY","MASTER_REF","Singapore","Singapore","","","","","","","","","","","","","","","","","","","","","","","","","","","","",""
"LE_343","Treasury (IE) Ltd","","","","","","","","","","","","","","","","","","","","","","","","","","","","","","","","","","","","","","","","","","","","IE","","","Y","","","IE","Ireland","COUNTRY","MASTER_REF","IE","COUNTRY","MASTER_REF","Ireland","Ireland","","","","","","","","","","","","","","","","","","","","","","","","","","","","",""
"LE_162","Block XYZ International Holdings Inc","","","","","","","","","","","","","","","","","","","","","","","","","","","","","","","","","","","","","","","","","","","","US","","","Y","","","US","United States","COUNTRY","MASTER_REF","US","COUNTRY","MASTER_REF","United States","United States","","","","","","","","","","","","","","","","","","","","","","","","","","","","",""
"LE_344","Block XYZ Limited (Greece), Foreign Branch","","","","","","","","","","","","","","","","","","","","","","","","","","","","","","","","","","","","","","","","","","","","GR","","","Y","","","GR","Greece","COUNTRY","MASTER_REF","GR","COUNTRY","MASTER_REF","Greece","Greece","","","","","","","","","","","","","","","","","","","","","","","","","","","","",""
"LE_105","Square Payroll Inc.","","","","","","","","","","","","","","","","","","","","","","","","","","","","","","","","","","","","","","","","","","","","US","","","Y","","","US","United States","COUNTRY","MASTER_REF","US","COUNTRY","MASTER_REF","United States","United States","","","","","","","","","","","","","","","","","","","","","","","","","","","","",""
"LE_313","Decentralized Global Payments, SL","","","","","","","","","","","","","","","","","","","","","","","","","","","","","","","","","","","","","","","","","","","","ES","","","Y","","","ES","Spain","COUNTRY","MASTER_REF","ES","COUNTRY","MASTER_REF","Spain","Spain","","","","","","","","","","","","","","","","","","","","","","","","","","","","",""
"LE_314","Verse Payments Lithuania, UAB","","","","","","","","","","","","","","","","","","","","","","","","","","","","","","","","","","","","","","","","","","","","LT","","","Y","","","LT","Lithuania","COUNTRY","MASTER_REF","LT","COUNTRY","MASTER_REF","Lithuania","Lithuania","","","","","","","","","","","","","","","","","","","","","","","","","","","","",""
"LE_114","Cash App Investing LLC","","","","","","","","","","","","","","","","","","","","","","","","","","","","","","","","","","","","","","","","","","","","US","","","Y","","","US","United States","COUNTRY","MASTER_REF","US","COUNTRY","MASTER_REF","United States","United States","","","","","","","","","","","","","","","","","","","","","","","","","","","","",""
"LE_115","Stitch Labs, Inc.","","","","","","","","","","","","","","","","","","","","","","","","","","","","","","","","","","","","","","","","","","","","US","","","Y","","","US","United States","COUNTRY","MASTER_REF","US","COUNTRY","MASTER_REF","United States","United States","","","","","","","","","","","","","","","","","","","","","","","","","","","","",""
"LE_304","Cash App Innovation (UK) Ltd.","","","","","","","","","","","","","","","","","","","","","","","","","","","","","","","","","","","","","","","","","","","","GB","","","Y","","","GB","United Kingdom","COUNTRY","MASTER_REF","GB","COUNTRY","MASTER_REF","United Kingdom","United Kingdom","","","","","","","","","","","","","","","","","","","","","","","","","","","","",""
"LE_121","Project Panther US LLC (US)","","","","","","","","","","","","","","","","","","","","","","","","","","","","","","","","","","","","","","","","","","","","US","","","Y","","","US","United States","COUNTRY","MASTER_REF","US","COUNTRY","MASTER_REF","United States","United States","","","","","","","","","","","","","","","","","","","","","","","","","","","","",""
"LE_501","Project Panther Ltd.","","","","","","","","","","","","","","","","","","","","","","","","","","","","","","","","","","","","","","","","","","","","KY","","","Y","","","KY","Cayman Islands","COUNTRY","MASTER_REF","KY","COUNTRY","MASTER_REF","Cayman Islands","Cayman Islands","","","","","","","","","","","","","","","","","","","","","","","","","","","","",""
"LE_325","Tidal Music - Spain, SL","","","","","","","","","","","","","","","","","","","","","","","","","","","","","","","","","","","","","","","","","","","","ES","","","Y","","","ES","Spain","COUNTRY","MASTER_REF","ES","COUNTRY","MASTER_REF","Spain","Spain","","","","","","","","","","","","","","","","","","","","","","","","","","","","",""
"LE_145","Touchcorp Limited ","","","","","","","","","","","","","","","","","","","","","","","","","","","","","","","","","","","","","","","","","","","","BM","","","Y","","","BM","Bermuda","COUNTRY","MASTER_REF","BM","COUNTRY","MASTER_REF","Bermuda","Bermuda","","","","","","","","","","","","","","","","","","","","","","","","","","","","",""
"LE_203","Afterpay Asia Pte. Ltd.","","","","","","","","","","","","","","","","","","","","","","","","","","","","","","","","","","","","","","","","","","","","SG","","","Y","","","SG","Singapore","COUNTRY","MASTER_REF","SG","COUNTRY","MASTER_REF","Singapore","Singapore","","","","","","","","","","","","","","","","","","","","","","","","","","","","",""
"LE_232","Afterpay NZ Warehouse Trust","","","","","","","","","","","","","","","","","","","","","","","","","","","","","","","","","","","","","","","","","","","","NZ","","","Y","","","NZ","New Zealand","COUNTRY","MASTER_REF","NZ","COUNTRY","MASTER_REF","New Zealand","New Zealand","","","","","","","","","","","","","","","","","","","","","","","","","","","","",""
"LE_334","Clearpay (Europe) Limited","","","","","","","","","","","","","","","","","","","","","","","","","","","","","","","","","","","","","","","","","","","","GB","","","Y","","","GB","United Kingdom","COUNTRY","MASTER_REF","GB","COUNTRY","MASTER_REF","United Kingdom","United Kingdom","","","","","","","","","","","","","","","","","","","","","","","","","","","","",""
"LE_147","Lanai (US) 1, LLC","","","","","","","","","","","","","","","","","","","","","","","","","","","","","","","","","","","","","","","","","","","","US","","","Y","","","US","United States","COUNTRY","MASTER_REF","US","COUNTRY","MASTER_REF","United States","United States","","","","","","","","","","","","","","","","","","","","","","","","","","","","",""
"LE_148","Lanai (US) 2, LLC","","","","","","","","","","","","","","","","","","","","","","","","","","","","","","","","","","","","","","","","","","","","US","","","Y","","","US","United States","COUNTRY","MASTER_REF","US","COUNTRY","MASTER_REF","United States","United States","","","","","","","","","","","","","","","","","","","","","","","","","","","","",""
"LE_504","Block of Mexico, SA","","","","","","","","","","","","","","","","","","","","","","","","","","","","","","","","","","","","","","","","","","","","MX","","","Y","","","MX","Mexico","COUNTRY","MASTER_REF","MX","COUNTRY","MASTER_REF","Mexico","Mexico","","","","","","","","","","","","","","","","","","","","","","","","","","","","",""
"LE_326","Block XYZ Limited","","","","","","","","","","","","","","","","","","","","","","","","","","","","","","","","","","","","","","","","","","","","IE","","","Y","","","IE","Ireland","COUNTRY","MASTER_REF","IE","COUNTRY","MASTER_REF","Ireland","Ireland","","","","","","","","","","","","","","","","","","","","","","","","","","","","",""
"LE_233","Cash Holdings Australia Pty Ltd","","","","","","","","","","","","","","","","","","","","","","","","","","","","","","","","","","","","","","","","","","","","AU","","","Y","","","AU","Australia","COUNTRY","MASTER_REF","AU","COUNTRY","MASTER_REF","Australia","Australia","","","","","","","","","","","","","","","","","","","","","","","","","","","","",""
"LE_234","Cash App Australia Pty Ltd","","","","","","","","","","","","","","","","","","","","","","","","","","","","","","","","","","","","","","","","","","","","AU","","","Y","","","AU","Australia","COUNTRY","MASTER_REF","AU","COUNTRY","MASTER_REF","Australia","Australia","","","","","","","","","","","","","","","","","","","","","","","","","","","","",""
"LE_163","Proto Global, LLC","","","","","","","","","","","","","","","","","","","","","","","","","","","","","","","","","","","","","","","","","","","","US","","","Y","","","US","United States","COUNTRY","MASTER_REF","US","COUNTRY","MASTER_REF","United States","United States","","","","","","","","","","","","","","","","","","","","","","","","","","","","",""
